Name,Social Security Number,Email,Phone number,Country
Thomas Cooke,741-38-7563,doylejack@example.net,+1-716-661-0066,Estonia
Christopher Hicks,038-38-0133,bradleypatricia@example.com,646.266.5755x8857,Slovakia (Slovak Republic)
Carrie Aguirre,718-97-6493,heatherallen@example.net,(965)542-2865x67180,Palestinian Territory
Tommy Klein,476-87-4020,jjones@example.net,2956698160,Ireland
Renee Wade,771-87-3011,tescobar@example.net,8549447933,Saint Lucia
Margaret Bowman DDS,242-44-0176,sarahperry@example.net,698-952-4199x42868,Malta
Craig Harmon,052-28-3160,erodriguez@example.com,823.730.4844,Somalia
Terri Robinson,171-97-2179,dana77@example.com,882.717.7090x577,Burundi
Rita Johnson,126-65-3276,ashleysutton@example.org,001-984-825-6650x4176,Tanzania
Christopher White,519-06-1188,kimberly96@example.org,460-340-7089x683,Cape Verde
Jeffrey Phillips,598-57-2419,candice17@example.net,(799)227-6311x7943,United States of America
Walter Anderson DDS,881-32-9727,roy18@example.net,(328)381-9322x462,Norfolk Island
Jonathon Hernandez,274-13-7609,jacksonnatalie@example.org,8387376598,Cocos (Keeling) Islands
Donald Edwards,587-28-1641,janetchapman@example.org,(767)648-3660,Iraq
Kimberly Shaw,242-01-2010,lawrence91@example.org,871.581.8310x7922,Seychelles
Matthew Johnson,769-65-0273,lisajimenez@example.com,001-809-905-6745,Iran
Andrew Lee,272-59-5413,mpalmer@example.com,327.669.8324x286,Guatemala
Heather Lane,560-25-0168,gonzalesvincent@example.com,441.411.5992,Netherlands
Charles Miles MD,100-83-2949,hwu@example.com,001-649-457-8955x737,Western Sahara
Rachel Hernandez,508-45-3473,aaron24@example.net,(941)728-0666x7416,Serbia
Andrea Gordon,277-84-3208,taylorjames@example.com,+1-617-903-0126x333,Kiribati
Mrs. Mackenzie Jackson,261-22-6329,vwhite@example.net,+1-742-738-4408,Heard Island and McDonald Islands
Amy Arnold,425-48-0743,ponceshaun@example.org,352-552-1465,Suriname
David Miranda,398-62-4589,kingvicki@example.net,001-452-352-1723x19629,Tunisia
Sandra Stevens,855-29-3208,rparrish@example.com,001-419-955-3763,Portugal
Robert Aguilar,792-55-3142,tylergonzalez@example.net,(981)940-7901x103,Korea
Michelle Mcneil,201-30-4555,hdavidson@example.net,+1-515-357-6376x4931,Djibouti
Amanda Quinn,415-14-7315,lpeterson@example.com,6123872906,Greece
Julia Estes,152-21-3952,hannahhuynh@example.org,001-567-661-5708x60911,Venezuela
Richard Martin,333-69-2636,devin70@example.com,641-739-8398,Papua New Guinea
William Smith,011-88-0536,gregorytina@example.net,5957275480,Thailand
Cindy Baker,715-62-9778,williamskayla@example.com,417-877-9055x83349,Turks and Caicos Islands
Jody Griffith,476-63-4811,xwebb@example.org,839.742.1195,Montserrat
Stacey Wright,471-40-6896,christopher83@example.net,+1-346-528-3418x41899,Luxembourg
Keith Elliott,439-83-3734,anthonyrobinson@example.org,001-750-267-4134x2391,Marshall Islands
Sandra Morris,277-65-2578,whitetiffany@example.net,+1-461-835-1516x9804,Vietnam
Brian Simmons,782-30-1013,djohnson@example.com,(422)603-8420,Mali
Tina Jackson,417-52-8874,christinayoung@example.com,691-210-8993,Senegal
Logan Anderson,709-61-0125,oflynn@example.com,629-440-9313,Sudan
Christine Garcia,176-51-1527,davidmercer@example.org,7079467128,Andorra
Derrick Rogers,840-68-8644,catherine97@example.org,001-508-287-5802x377,San Marino
Charles Thomas,734-16-7519,vwelch@example.net,001-266-331-1778,Luxembourg
Craig Evans,462-93-3340,ijones@example.net,987-616-5273x7988,Canada
Thomas Miller,096-94-1334,lindalee@example.net,(795)610-5544x7231,Gabon
Mark Harris,767-47-5344,dmendez@example.net,694.502.0275,Mauritius
Amanda Pierce,744-34-6391,beckycrawford@example.net,545-792-6837,Jersey
Emma King,402-38-9364,francisco84@example.org,240.953.9708x004,Malaysia
Barbara Anderson,894-11-1807,georgestevenson@example.org,541.592.1502x658,Mongolia
Cindy Lowe DDS,287-53-5445,andradediana@example.com,+1-397-348-1152x07352,Djibouti
James Gould,348-86-4102,johnsonkayla@example.net,001-936-898-8061x1702,Korea
Brian Blackburn,336-38-8400,nelsoncraig@example.net,001-960-326-8551x037,Saint Vincent and the Grenadines
Catherine Parker,793-03-9259,frobbins@example.net,001-713-927-1890,Gabon
Aaron Hall,222-28-3518,twilson@example.com,001-966-291-5908,Montenegro
Kevin Reed,631-20-6972,ocarson@example.org,001-951-628-8226x8260,United Arab Emirates
Lisa James,794-61-4562,andersonrobin@example.com,871.708.2333,Tuvalu
Scott Bradley,472-97-8544,rogersjustin@example.org,+1-654-709-9843,Chad
Andrew Cline,811-68-9312,sheliamiller@example.org,955.357.1092,Guinea
Kristine Roberts,448-83-0486,erin29@example.net,679.697.5745x71148,Liberia
Heather Carr,550-26-5039,perezjacob@example.com,001-607-543-6263x5558,Mali
Jessica Thompson,872-97-5980,mitchelllinda@example.com,(477)501-3919,Congo
Marie Gallegos,300-44-4016,larrydiaz@example.net,001-811-589-0628x196,Brunei Darussalam
Stephanie Riggs,671-45-4872,joyceshaw@example.com,237-916-5305x787,Korea
Sara Aguilar,345-27-7658,henryryan@example.org,867-888-5984,Georgia
Nicole Richardson,481-53-2676,debralee@example.org,9853078956,Svalbard & Jan Mayen Islands
Eric Daugherty,332-79-4201,jonathanbrown@example.com,655.207.5990x285,Georgia
Mark Moore,342-24-0048,crawfordjoshua@example.org,(515)862-1186x59945,Bermuda
Todd Buckley,798-43-2694,trevor97@example.net,(398)672-2276,Lao People's Democratic Republic
Allen Melton,285-24-3113,allendeanna@example.com,831.829.2829,Sudan
Elizabeth Jones,315-21-0742,swilson@example.net,851.309.9130,Togo
Jennifer Roberson,694-39-1387,yguzman@example.net,790-276-9854x41581,Saint Kitts and Nevis
Luis Mcintosh,292-58-0837,bradley94@example.com,583.565.6053x74528,Czech Republic
Lori Shah,143-24-1422,julie64@example.com,243-656-0856x210,Mexico
Anita Hill,854-99-7588,bullockmichelle@example.org,628.842.7656x9944,Sudan
Jessica Curtis,474-60-2323,reedautumn@example.com,001-672-730-8219x70028,Denmark
James Vargas,448-24-1451,wandaperry@example.org,(491)626-2520x9977,Denmark
Kathleen Owens,192-18-4871,maldonadosean@example.org,+1-643-841-2429x8943,Venezuela
Kyle Knapp,228-32-5913,lonniegallegos@example.org,(508)404-5390x9769,British Virgin Islands
Andrew Cannon,674-07-1329,maciascassandra@example.org,438.463.8393x2042,Bhutan
Andrew Miller,035-55-7118,fitzpatrickyolanda@example.net,360.610.3064,Hong Kong
Donald Vang,564-22-5587,wandamarsh@example.com,218.956.0997x6152,Gabon
Jessica Curry,265-68-0849,williamstaylor@example.net,001-609-944-9138,Germany
Elizabeth Miller,245-90-1790,watsonjoyce@example.com,(471)928-0367x0942,Bahamas
Richard Patton,337-99-7250,christopherbrown@example.org,6248370643,Fiji
Amanda Jones,776-76-2579,toni05@example.org,+1-801-975-1696x633,Korea
Barbara Lee,437-63-4922,halebeth@example.com,+1-511-555-2350x86328,Faroe Islands
Joseph Ball,241-78-9023,michael54@example.net,421.655.0445,Saint Martin
Noah Evans,066-84-9107,zmcintosh@example.com,(403)855-8805,Croatia
Dana Mendoza,442-79-4375,owilkinson@example.net,205-430-4504x976,Mozambique
Shannon Nash,421-78-8442,oconnorjohn@example.org,(299)795-8371x7010,Bahrain
Wendy Wells,479-94-5563,hunter60@example.net,001-308-921-2422x2116,Iraq
Trevor Jones,228-16-1635,brittany36@example.com,250-589-9925,Eritrea
Jason Abbott,107-79-3365,lisa90@example.org,001-455-412-8281,Pitcairn Islands
Zachary Robbins,192-27-3565,ddavidson@example.org,+1-916-365-0289,Ukraine
Amanda Jones,859-90-8887,hhoffman@example.org,965.241.9367,South Georgia and the South Sandwich Islands
Michael Wyatt,722-16-3948,bkoch@example.org,3363892685,Papua New Guinea
Brent Morris,213-89-9297,hartmanamanda@example.net,462-818-8189,Swaziland
Tiffany Galvan,831-41-3856,anthonymonroe@example.org,(964)478-7481,Armenia
Matthew Young,549-59-5221,jmelton@example.com,838.302.4286x70116,South Georgia and the South Sandwich Islands
Melissa Smith,485-05-8742,parkersusan@example.net,819-832-6819,Syrian Arab Republic
Wayne Smith,692-20-5714,edwardsteresa@example.net,+1-728-641-9904,Nicaragua
Crystal Heath,317-85-4939,wilsonhoward@example.com,001-589-227-1258x44236,Congo
Julie Andersen,660-68-6618,castanedafrances@example.net,(716)556-8063,United Kingdom
Joseph Huffman,897-31-7269,lsmith@example.net,979-853-2060,New Caledonia
George Rodriguez,629-30-2846,andersonautumn@example.com,211.628.0541x49121,French Guiana
Paul Harrison,820-60-0535,carrillokatherine@example.net,+1-929-808-0986x9104,Saint Vincent and the Grenadines
Russell Keith,199-43-6878,awilliams@example.org,(793)997-2210x5759,Saint Lucia
Dominic Cox,135-17-1432,deannatalie@example.net,(907)781-2649x317,Mali
Curtis Garner,364-75-0893,brendaross@example.com,(969)342-8792,Croatia
Gabrielle Hill,466-77-1643,samantha29@example.org,001-758-430-8605,Turkey
Stephen Gregory,843-25-1313,rollinsdiana@example.net,7807318168,Suriname
Jay Bell,348-71-6873,kim53@example.org,001-557-808-9891x334,Saint Helena
Michael Morgan,259-87-6070,lcline@example.org,929.566.5531x53994,Vanuatu
Amanda Heath,527-52-0327,skinnercassie@example.net,001-400-258-4881x1652,South Georgia and the South Sandwich Islands
Angela Hopkins,538-92-3353,xrhodes@example.com,+1-770-867-0613x5331,Eritrea
Timothy Benitez,374-63-7589,karenmccarty@example.org,617.484.3503x60589,Lithuania
Lisa Fisher,012-91-2570,thomas37@example.org,(919)458-4643x994,Colombia
James Larson,727-80-2079,wriley@example.com,387-339-9999x62083,Holy See (Vatican City State)
Ethan Walker,118-46-5335,qbaker@example.com,(337)552-5388x540,Tuvalu
Kiara Jones,696-80-9336,sheppardjonathan@example.com,989-649-2512,Comoros
Heather Carr,164-97-3089,greenenicholas@example.net,001-531-734-0972x216,Christmas Island
Brent Thompson,785-40-0684,hallchristopher@example.org,(275)989-0193x9221,Guadeloupe
Jasmine Murphy,350-12-3302,stewartlonnie@example.com,(615)703-4593x28825,Central African Republic
Scott Burgess,378-22-3093,joneschristopher@example.com,270.616.9277,Azerbaijan
Christopher Hunt,834-62-2809,vevans@example.com,(494)686-9958x606,Saint Kitts and Nevis
Abigail Weiss,649-15-2614,rfranklin@example.org,693.761.7730,Lithuania
Jessica Buck,342-47-9323,vegamatthew@example.org,001-812-764-8804x31423,Mali
Edward Glass,729-22-3647,vargasernest@example.com,(559)391-0739x988,Fiji
Mr. Zachary Patton,819-29-4240,emilygamble@example.org,271-248-5398,Brunei Darussalam
Linda Barr,302-14-1978,christopher42@example.net,430-345-1823x74747,Guatemala
Kimberly Romero,497-46-0933,jeffrey79@example.net,+1-419-601-6176x52643,Bouvet Island (Bouvetoya)
Brandy Malone,003-42-5609,calvinwalker@example.org,591-920-7958,Central African Republic
Kimberly Johnson,607-34-6500,qjohnston@example.net,6244086367,Chad
Spencer Ryan,577-57-4987,ericrodriguez@example.net,+1-836-995-5976x2967,Samoa
Mallory Robinson,823-81-7321,michael69@example.com,700-542-1124,Netherlands
Trevor Smith,069-96-7559,adickson@example.org,897-926-5503,India
Mary Lopez,754-79-5471,carlos62@example.com,+1-431-332-9325x95348,Jordan
Joseph Powell,057-03-7444,kyleroach@example.net,001-710-441-7074x84286,Brazil
Julian Smith,003-92-0831,glassrobert@example.org,(805)853-4240x3491,Uganda
Johnathan Gutierrez,852-42-4544,nkennedy@example.net,746.449.5242x72145,Hong Kong
Natalie Lee,021-80-6717,bryantamanda@example.com,290.345.0210x51382,Kyrgyz Republic
Kathy Ballard,367-38-0055,brianwells@example.net,(974)548-9074x22000,Belgium
Robert Pena,204-48-1605,twilson@example.net,+1-973-730-7884x5181,Slovakia (Slovak Republic)
Timothy Ortiz,616-34-9785,tharris@example.net,630.859.7772x62839,Suriname
Dustin Hughes,247-26-0874,ricky18@example.org,779.359.9790x4255,Mali
Jonathan Garcia,541-27-0805,kevin25@example.net,001-763-345-3837x8295,Portugal
Anna Martinez,032-98-7032,christopherrogers@example.com,770-496-8353,Iceland
Emily Green,736-52-0258,ffriedman@example.org,(881)332-7949,Papua New Guinea
Samuel Castro,564-09-8089,cvaughn@example.net,503.624.4965x7959,American Samoa
Joshua Robinson,791-19-6930,brianhahn@example.net,721.611.8354,Vanuatu
Sharon Holland,471-84-3776,smithbeverly@example.com,7988265299,Lithuania
Stephanie Bush,774-91-9154,whiteheadwilliam@example.org,(744)698-1259x943,Mauritius
Greg Hughes,196-54-9885,leediana@example.com,8384754603,Japan
James Cook,257-96-4861,wolfedebra@example.org,+1-552-579-3348x2400,North Macedonia
Austin Walker,447-64-1179,hicksnicole@example.com,(451)413-0415x679,Honduras
Richard Johnson,777-81-2493,tannertaylor@example.com,449.297.0106x9788,United Kingdom
Allison Banks,322-17-8362,tanyataylor@example.net,(970)642-0548x2665,Senegal
Alexandra Francis,300-07-8896,rsavage@example.org,510.492.7015x6442,Timor-Leste
Charles Clay,757-47-4389,rangelmichael@example.com,+1-714-975-4250x910,Australia
Jessica Miller,159-43-9858,timothysanders@example.org,2308185721,Bahamas
James Singleton,137-43-3247,thayes@example.net,+1-815-631-3828x3495,Norway
Jessica Robinson,116-93-3804,michellegomez@example.com,547-438-1162,Saint Pierre and Miquelon
Christopher Johnson,749-01-4160,amanda06@example.com,001-593-453-9567x29376,Gabon
Jose Dyer,817-05-1200,gsosa@example.com,531.337.1319,Turkey
Darin Miranda,427-98-8853,twright@example.net,397.603.4325x9179,Kyrgyz Republic
Carla Blevins,796-38-5975,mcguirelisa@example.net,806-627-4588x3818,Saint Kitts and Nevis
George Smith,141-52-6525,kenneth47@example.net,(529)532-3758x2446,Lesotho
Jesus Pena,799-34-3141,ilewis@example.net,001-610-889-4553x374,Philippines
Eric Martinez,780-53-7423,scottreynolds@example.org,758-256-9320,Jersey
Jillian Davidson,206-39-3671,barryashlee@example.net,001-629-875-5645x0395,Zambia
Ashley Perez,835-31-1924,kennethsaunders@example.com,791-617-5314x7321,Bosnia and Herzegovina
Meghan Dawson,331-90-2859,nguyenmichael@example.net,+1-659-905-2829x6635,Barbados
Scott Ramirez,260-48-3960,linda96@example.com,225-491-0819x118,Cook Islands
Tiffany Whitaker,342-92-7636,rwise@example.org,576.591.7539x9573,United States Minor Outlying Islands
Donna Ryan,868-53-3369,samuelbullock@example.com,001-482-706-3749x171,Comoros
Karen Johnson,798-36-0092,powellleah@example.net,450-614-7300x3205,Bahamas
Anthony Barton,292-36-0359,ktaylor@example.org,433-301-8113x8543,Haiti
Sandra Hensley,374-63-1568,longross@example.org,(386)362-6624x5698,Guatemala
Jim Clark,626-21-3285,jamiechen@example.org,9722262248,United States of America
Renee Hernandez,705-35-2064,shawn34@example.net,(998)819-6869x460,Suriname
Mr. Brandon Rodriguez,308-58-2458,lestergregory@example.org,+1-782-272-9243x958,Belize
Brent Garcia,791-25-0345,suzanne38@example.org,+1-702-502-6597x430,Micronesia
Karen Allen,337-17-9285,garciamariah@example.net,698.314.1509,Mauritania
Joshua Walker,061-49-2989,brandonle@example.com,754-676-1624x780,Uzbekistan
James Smith,865-10-0681,esmith@example.com,262-694-0207,Bangladesh
Tracy Curtis,463-91-9012,garybond@example.com,(889)957-4035x8977,Western Sahara
Joel Allen,023-34-6839,pcarlson@example.net,001-740-812-0953x7164,France
Natasha Sanchez,566-18-8750,christopherwhite@example.net,223.930.1244x894,Sudan
Joshua Rubio,619-28-8622,melvin23@example.net,2355126139,Croatia
Steven Fischer MD,611-87-3732,kaylachavez@example.com,889.578.1613,Holy See (Vatican City State)
Nicholas Flores,177-12-2911,smithbradley@example.org,+1-708-316-3542,Azerbaijan
Nicole Marshall,844-15-9747,jillallen@example.net,3574207863,Fiji
Brittany Ramos,392-15-6052,yjones@example.net,(867)752-5636,Cuba
Ashley Fisher,063-83-7257,travis82@example.org,269.457.7137,Costa Rica
Stephanie Vargas,120-69-3293,elizabethharris@example.com,806-968-7698,El Salvador
Jaclyn Taylor,768-93-0091,margaretmurphy@example.com,366-929-5345x585,Saint Vincent and the Grenadines
Johnathan Reynolds,063-17-0356,burnsnicole@example.com,001-540-933-4656x3918,Djibouti
James Hart,802-31-0597,colin38@example.net,001-825-678-1161,Mozambique
Nancy Young,841-80-8756,daviscarrie@example.org,572-381-4631x03190,Mayotte
Richard Taylor,382-87-2321,lpierce@example.com,(619)687-6112,Brazil
Mary Johnson,246-47-9485,sherylmartin@example.com,001-982-672-7141,Saudi Arabia
Randall Thompson,739-95-8347,devin18@example.net,001-903-449-9583,Brazil
Joel Kramer,804-50-7027,wendylyons@example.net,881-546-6070x78296,Malta
Laura Pratt,873-22-2206,melissa30@example.net,(625)528-4171x67140,Isle of Man
Jonathan Ramirez,466-09-8999,pattersonjennifer@example.net,840.698.0547,Syrian Arab Republic
Rhonda Wilson,720-68-3208,eharris@example.org,2572971120,Zambia
Brittany Brooks,317-80-2272,paulgarrison@example.org,(388)367-9610,Brunei Darussalam
Nancy Hall,477-63-1741,ythomas@example.net,001-691-356-8882x174,Bangladesh
Derrick Martin,006-84-0430,robertmorales@example.com,(415)699-5397x1866,Wallis and Futuna
Wayne Williams,889-39-2593,sean51@example.com,(372)653-2375x07517,Saint Lucia
Jose Torres,845-35-1861,michael70@example.com,568-641-8793,Dominican Republic
Angela Smith,876-75-5244,scott69@example.org,575-760-9999,Tunisia
Allison Cook,655-11-7117,dharrison@example.org,(976)342-3813x95306,Oman
Kaylee Garcia,721-92-3558,portermark@example.net,001-594-453-7876x353,Venezuela
Sharon Sawyer,127-18-3922,gravesbarbara@example.net,273-330-6206,Solomon Islands
Maria Tran,586-98-8302,keithhall@example.net,001-712-858-3921,Bolivia
Michael Kelly,391-20-7948,hernandezmike@example.net,792.208.8265,Jersey
Christina Morris,643-84-9205,laura13@example.org,838-634-4564,Equatorial Guinea
Kyle Hurley,701-06-6680,caitlinoliver@example.org,(770)523-4586,Mexico
Joshua Turner,599-62-2028,nreyes@example.com,+1-382-633-1924x84867,Saint Kitts and Nevis
Haley Bowers,231-85-1424,wagnersusan@example.org,+1-683-226-5851x614,Botswana
Dennis Murphy,631-01-4864,kbell@example.net,526.575.9889x6433,Macao
Eric Wade,864-59-6631,fbeasley@example.org,001-920-414-1579,Saint Vincent and the Grenadines
Bryan Barker,175-26-5589,rebecca84@example.net,001-464-784-5179x70197,Portugal
Mary Wise,874-50-3586,maryfox@example.org,(442)253-7446,Serbia
Joseph Gray,445-55-3592,ipatel@example.org,376-617-0664x65328,Seychelles
Jeremy Harrell,241-04-4136,ybrown@example.com,001-628-695-2163x68305,Ethiopia
Kathryn Sanchez,160-62-0836,fdillon@example.org,+1-857-251-1238,Norfolk Island
Jacqueline Young,117-67-6170,nicholasmolina@example.org,+1-733-835-3018x146,Nigeria
Mary Adams,806-43-5228,ryan47@example.org,499-687-4202x085,Congo
Jamie Allen,012-47-5159,qibarra@example.net,001-526-341-5062,Ecuador
Joshua Robbins,724-94-0129,heatherlopez@example.net,698-805-4943x610,Estonia
Deborah Chen,021-91-6810,blackkelli@example.com,949.200.5436,Venezuela
Christina Foster,373-80-4113,benjamin27@example.com,471-522-1430x496,South Africa
Kristina Thompson,455-25-7885,wadekayla@example.org,001-494-932-7366x7909,Singapore
Paul Anderson,886-38-5202,leahchen@example.org,396.227.8605x10222,Svalbard & Jan Mayen Islands
William Watson,859-92-4901,tylerwalker@example.net,(303)688-6963,Bouvet Island (Bouvetoya)
Shawn Wyatt,084-52-0696,nicholas82@example.org,678-940-6130,Mayotte
Kimberly Bullock,228-70-2517,cbowen@example.net,645.701.8249,Sweden
Carl Matthews,614-10-7690,snowjames@example.com,414-776-8278x731,New Zealand
Taylor Johnson,830-87-0488,amber65@example.org,001-735-752-6258,Togo
Jessica Mason,120-99-9863,hsilva@example.com,625-585-0794,Central African Republic
Mrs. Michelle Williams,665-96-7127,donna80@example.net,860.555.9435x804,Svalbard & Jan Mayen Islands
Anthony Brown,633-46-7185,callahanmatthew@example.org,(664)741-2067,Panama
Anthony Baker,361-04-0718,psantiago@example.com,001-845-988-1658x3638,Saint Helena
Frank Hernandez,606-08-3249,eugene07@example.org,468.210.5329x20475,Singapore
Mr. Marc Ramirez,485-02-2650,fgreen@example.org,(383)539-5959x8174,Saint Vincent and the Grenadines
Jacob Jones,553-15-5791,qmyers@example.org,001-253-918-9852,Mayotte
Brian Bennett,214-91-9826,beltranamber@example.net,(615)436-8922x76258,Uzbekistan
Judy Dickson,792-80-2143,gwilson@example.org,846.476.5355x42083,Montenegro
James Evans,398-44-7180,lisa63@example.net,396-536-5378x597,Guinea-Bissau
Erik Baker,829-66-0985,ebriggs@example.com,919-376-9068x699,Pakistan
Joseph James,474-04-0268,hoganann@example.net,+1-334-310-5487x18635,Bahrain
Rebecca Fisher,435-84-0953,andrew97@example.net,578-577-6188x18299,Faroe Islands
George Ferrell,577-96-1478,eugene75@example.org,575.747.2015,Lithuania
Pamela Haas,742-80-7086,dawnmccullough@example.com,708-370-4767,Iran
Miguel Bean,259-35-3959,smithtiffany@example.com,4946984778,Mauritania
Mr. Larry Miller,151-46-3739,brentcherry@example.org,302-811-2125x48266,Chile
Joyce Gill,866-73-1854,jeffreysmith@example.com,772-494-4239x22235,Lithuania
Kevin Berry,181-50-0749,evelyn55@example.net,836-952-7501x4692,Bahamas
Melissa Williams,388-39-3359,jturner@example.com,(935)919-0921x81945,Mongolia
Kathy Mckinney,892-13-0454,pfischer@example.org,+1-266-569-5031x997,Tonga
Robert Duncan,536-67-6998,kari52@example.com,(746)912-2885x19320,Gibraltar
Joshua Rodriguez,527-78-7087,timothy73@example.org,(681)644-2305x983,Norfolk Island
Cynthia Walsh,510-12-8858,gardnerlaura@example.com,829-961-9343x127,Vietnam
Aaron Glass,001-94-6539,bartonbrandon@example.org,(881)721-1838x454,Greenland
Ryan Gamble,248-04-6092,dianeharper@example.net,(639)417-7689,Singapore
Dennis Bryant,319-49-7159,charlesanderson@example.org,(928)802-5160x962,Latvia
Lisa Adams,487-80-0537,breese@example.net,001-306-550-7964x5214,Canada
Cindy Dougherty,143-50-1320,tdickerson@example.com,(917)225-1165x6515,Taiwan
Matthew Miller,193-37-6265,sherri41@example.org,9084224163,Lao People's Democratic Republic
Angela Morse,532-90-7223,hernandezmatthew@example.net,+1-533-493-6248x2139,Iceland
Christina White,339-86-9819,john83@example.com,336-304-0389x5562,Afghanistan
Michael Pierce,536-17-0447,coreycarr@example.org,774-222-4036x32732,Mauritius
Megan Conrad,680-07-5228,zmarshall@example.org,676.405.1147x541,India
Maria Perez,541-71-1545,laurenpearson@example.net,505.808.1147x78558,Bulgaria
Amy Reynolds,851-74-1607,james87@example.com,998-702-2875,Hungary
Todd Cruz,278-86-8222,rosechristine@example.org,720.737.8888,French Guiana
Stephanie Walker,510-54-3189,hallstacey@example.org,+1-943-376-2602x2144,Colombia
Brian Williams,321-57-2399,eugeneparks@example.org,471-535-8728x1369,Oman
John Williams,181-79-9595,fordjennifer@example.net,660.495.5146,Kyrgyz Republic
Amanda Stokes,115-60-9444,fergusonrichard@example.org,001-357-950-0554x17875,Argentina
Aaron Lester,022-34-6384,kevin23@example.net,663-535-9500x9413,Panama
Richard Moss,588-74-0758,laurenbass@example.org,(376)704-3026,Somalia
Marilyn Bentley,608-81-8026,coreymcintosh@example.net,970-678-5930x7764,Somalia
Melissa Marshall,794-99-1282,moonruth@example.net,+1-314-271-7414,Lithuania
Jasmine Rodriguez,862-56-7253,christopher25@example.com,(503)651-1333,Nepal
Jessica Garcia,753-32-1912,christinegreen@example.net,(947)603-7610,Cyprus
Tyrone Kemp,507-06-4447,markwaller@example.com,6409103389,Andorra
Oscar Sosa,741-05-3998,eric26@example.org,8772062751,Saint Helena
James Thompson,326-40-6236,desiree67@example.org,(929)407-6422x360,Nauru
Joe Pope,620-79-1210,johnsondouglas@example.com,(305)901-8317,Tunisia
Karina Carpenter,061-10-5008,carlsonmary@example.com,6978210551,Suriname
Emily Villanueva DVM,667-43-4646,mckinneysamantha@example.org,(582)689-7286x376,Zimbabwe
James Collins,624-07-4901,amywhitaker@example.com,514-912-3345,Lao People's Democratic Republic
Melissa Rhodes,712-83-5338,willisnancy@example.org,001-595-319-2549,Guam
Brooke Oliver,775-27-3910,georgegordon@example.org,001-539-982-4875x891,Sudan
Mary Strong,493-69-8542,ericblair@example.com,(461)799-1543,Cook Islands
Lisa Boyer,318-93-1182,harveyadrian@example.com,723-742-0419,Christmas Island
Angela Stout,793-14-2796,vbright@example.com,3053407173,Guam
William Parks,256-54-9383,mdavis@example.com,+1-867-363-7034,Falkland Islands (Malvinas)
Denise Shannon,552-94-7674,nicoleholland@example.net,+1-598-982-1202x754,Slovenia
Daniel Jordan,303-14-0178,hwilliams@example.net,+1-267-723-7967,Marshall Islands
Stephanie Espinoza,852-20-0469,udominguez@example.net,(975)870-2179,Spain
Brian Ramirez,627-75-0233,lindsaymiller@example.com,001-931-456-8282x3002,Maldives
Jacqueline Pollard,263-20-9615,sotokimberly@example.net,3719453803,Mozambique
Natalie Guerrero,733-52-0474,mooreerin@example.org,001-423-723-9193x67586,Cape Verde
Karen Webb,355-27-1141,wgraham@example.org,(795)295-4235x7176,Saudi Arabia
Amber Lyons,541-30-7637,thompsonmatthew@example.com,+1-262-558-6555x239,Guatemala
Richard Sullivan,312-43-0318,lukelewis@example.net,670.235.0051,Malta
Barry Spears,253-33-2805,vmeadows@example.com,(947)432-9337,Colombia
Wendy Robinson,862-39-2637,gonzalezmonique@example.org,768-319-8459x863,Marshall Islands
Vickie Page,210-31-3596,xmunoz@example.com,249-719-7269x59394,Western Sahara
Sean Forbes,551-42-8900,michelle05@example.net,001-426-734-8524x5820,Romania
Terri Fox,239-11-2556,andersontina@example.com,(469)740-3890,Peru
Kellie Lee,152-09-7681,efernandez@example.com,200.524.0465,Northern Mariana Islands
Jeffrey Walton,290-16-0477,alexandra46@example.net,(309)542-5154,Slovakia (Slovak Republic)
Jacob Cruz,676-35-3236,rebeccamoore@example.com,001-332-236-7004,Norway
Jeffery Nguyen,361-51-2381,terrikirby@example.net,001-586-828-5411,Panama
Desiree Briggs,817-77-9643,samanthaturner@example.org,875.670.0611,Ghana
Tammy Moore,401-88-2605,wnelson@example.com,682.714.3458,New Caledonia
Thomas Cooper,192-90-1553,shodge@example.org,001-967-560-6096,Comoros
Ashley Green,090-39-4431,jasonruiz@example.org,(694)412-2232,Kyrgyz Republic
Kevin Edwards,731-39-4719,simmonserica@example.com,975.225.4360,Myanmar
Kara Cooper,493-67-8415,juangonzales@example.org,+1-742-340-0159x8886,Uganda
Juan Cox,323-70-7126,burkebrenda@example.com,2572079102,Cyprus
Emily Sellers,650-61-5782,scott31@example.net,+1-816-243-0067x964,Greece
Amy Mcdonald,015-53-8933,leslieestrada@example.net,001-871-422-3254,French Polynesia
Victor Fuller,742-48-1033,frankbrown@example.org,885-812-0006x33109,Costa Rica
Edward Peterson,082-06-4271,gstevens@example.net,(751)467-6584x9887,Argentina
Timothy Mccarthy,511-50-8212,hessscott@example.com,7007207876,Rwanda
Richard Hill,892-14-0550,jnelson@example.com,8833087992,Swaziland
Jennifer Benson,656-45-5856,charlesnelson@example.net,+1-720-714-6080x7891,Azerbaijan
Joseph Jones,157-07-1461,robertsmichael@example.org,001-590-559-7244x2398,South Georgia and the South Sandwich Islands
Beth Baker,033-60-3204,vperez@example.org,(946)725-3886x054,Sao Tome and Principe
Savannah Martinez,224-20-8508,andersonjohn@example.net,(711)602-0992x81467,Falkland Islands (Malvinas)
Lance Mason,017-08-0315,wrightmonica@example.com,413-558-7496,Russian Federation
Jeff Fischer,066-68-2494,hcarney@example.com,904.505.8598,Afghanistan
Daniel Wilson,100-59-8969,farleybrandon@example.org,+1-869-758-5583x2716,Zambia
Amy Snyder,273-32-8162,jstone@example.com,(656)660-4996,Iceland
Maria Murphy,679-73-1085,raymondbowman@example.net,544-686-9504x1970,Korea
Scott Davis,745-18-2592,haley88@example.net,+1-882-840-8217,Egypt
Sheila Norton,594-25-5734,juliameyer@example.net,696.944.9816x149,Kiribati
Sandra Jones,587-35-1632,cameron33@example.org,823-305-9170,Sri Lanka
Bradley Phillips,078-28-2646,parkergarza@example.com,+1-774-564-8595x64628,Tonga
Mark Waters,080-41-2152,ericaskinner@example.com,(966)696-7839,Afghanistan
Joseph Chavez,889-75-4180,hrichards@example.com,+1-346-655-0599,Gambia
David Scott,459-24-9122,chughes@example.com,001-681-244-3895x9425,British Virgin Islands
Jeffrey Fritz,173-58-5815,garciarobert@example.net,554-961-4232,Thailand
Shannon Moses,401-53-9102,colemanlauren@example.com,001-648-463-4179x7904,Kiribati
Jason Hickman,705-08-8561,teresa63@example.com,348-550-8148x92996,Angola
Bradley Winters,194-11-5559,andrewblake@example.org,934-832-1266x03004,Cyprus
Antonio Mccann DVM,667-25-6813,ioconnor@example.org,(891)248-5106x02985,Malta
George Mcconnell,678-97-7169,mark57@example.com,4996957522,Dominican Republic
Abigail Brown,833-38-7711,elizabethgonzalez@example.com,518-676-2806x580,Holy See (Vatican City State)
Holly Williams,242-42-6221,kimberlyvazquez@example.com,001-480-761-4613x58382,Heard Island and McDonald Islands
Tabitha Norman,466-01-3223,shafferryan@example.com,941.655.9235,Kazakhstan
Sophia Bell,203-55-5036,rodriguezsamantha@example.com,780.690.0120x64714,Gambia
Lisa Bell,134-20-5015,ritastevens@example.com,569.621.0990x2402,Myanmar
Tammy Rowe,693-82-4099,mark03@example.org,001-791-369-4406x2693,Greece
Jason Perkins,210-48-5446,geraldanderson@example.org,891-934-9774,Maldives
Lauren Thompson,054-49-0150,connor04@example.com,767.330.0500x12864,Grenada
Amy Ruiz,308-77-4821,isabellajohnson@example.net,514-857-2462x74985,Guinea
Desiree White,063-28-4704,james29@example.org,901.286.7881x604,Slovakia (Slovak Republic)
Gerald Morgan,591-26-9425,pmercado@example.org,8239027387,Namibia
Todd Murphy,853-56-9139,egarrett@example.net,2104679484,Greenland
Steven Hughes,508-92-4371,jamesvincent@example.net,(729)607-3916,Fiji
Rebecca Velasquez,126-22-8111,lisasmith@example.com,335-850-1157x44002,Tajikistan
Larry Rodriguez,250-06-4739,denise83@example.com,+1-490-208-1903x781,Bahrain
Alexis Hunt,142-45-5927,awoodard@example.org,546-297-1396,French Guiana
Marilyn Zamora,030-71-0863,roger87@example.com,328.561.8841,Antigua and Barbuda
Emily Hunter,046-13-3675,paulwalton@example.net,001-881-581-8926x468,Sweden
Megan Hale,812-18-0769,jacquelinewagner@example.com,(800)407-4685x2880,Spain
Rita Alvarado,674-62-5950,sarahhaas@example.net,(584)555-5136x95986,Zimbabwe
Teresa Hill,389-32-2910,srich@example.com,3299279676,Greenland
Amanda Brennan,761-19-7058,bradforddiana@example.org,601.598.9907x5468,Comoros
Andrea Burns,399-53-3945,jeremiahpope@example.net,+1-934-915-6476,Maldives
Cynthia Hood,294-07-1980,aguirreheather@example.com,676-862-7461,Saint Martin
James Adams,478-92-8132,toddkenneth@example.net,(569)480-1535,Bahamas
Lisa Long,096-20-2165,ucampos@example.net,773-760-8295x4637,Mali
Danny Everett,790-87-4087,ortizariana@example.org,001-974-842-9887x51257,Angola
Tyler Jones,171-56-1291,jamesgarcia@example.org,(269)310-7138,Saint Pierre and Miquelon
April Walker,492-68-2421,vanessa59@example.org,001-644-787-3295x3193,Gibraltar
Charles Fletcher,587-98-7323,kiara02@example.net,977-427-9105,Poland
Joshua Jimenez,528-21-5924,obarnes@example.com,983-200-6112,Peru
William Benjamin,589-36-1621,fyoung@example.org,699.750.3931,Uruguay
Andrea Patel,851-02-6809,bmarquez@example.net,5643422402,Guinea
Mr. Bobby Burton DVM,430-85-0646,morrisnicole@example.com,001-944-793-0005,Mali
Tiffany Krueger,086-43-3571,swansonkathryn@example.com,963-892-9012x994,Philippines
Leslie Baker,116-25-2803,dominic37@example.com,+1-589-842-2278x112,United Arab Emirates
Rachel Hernandez,596-34-5193,potterjohn@example.org,899-748-9231,Jamaica
Emily Sutton,821-30-9038,joewilson@example.org,458-809-4328x2447,Cote d'Ivoire
Susan Ware,404-66-4043,kharrison@example.org,+1-692-730-5761x4770,Vanuatu
Beverly Fisher,177-28-3088,murillodwayne@example.net,(557)600-7387x378,Timor-Leste
Ashley Martinez,178-37-8641,theresa88@example.org,593-962-7839x409,Antigua and Barbuda
Benjamin Russell,075-44-5072,rvaldez@example.com,(206)899-3195,Chile
Jon Johnson,776-05-5439,gouldtroy@example.org,626.828.4428x2558,Panama
Natalie Mccormick,282-70-5454,molly47@example.org,918.215.8474,Botswana
Cory Taylor,348-91-7455,ooconnor@example.org,+1-409-926-8829x18834,Israel
Brandi Webster,225-30-5357,crystallowery@example.com,+1-782-772-6338,Sweden
Elizabeth Johns,243-68-6882,jeffreymercado@example.net,857-369-7543x9486,Czech Republic
Timothy Green,320-99-7697,vboyd@example.org,001-566-782-3697x437,Grenada
Bailey Nguyen,138-52-3958,lbenson@example.net,(556)443-0499x862,Korea
Michael Ford,693-80-6444,daniel55@example.com,314.915.5982,Gambia
Roger Snyder,049-74-8217,hendersonlogan@example.net,(465)480-4719x064,New Zealand
Thomas Martinez,606-80-4461,mooretimothy@example.org,(883)432-0524x5661,Turkey
Renee Mitchell,007-61-3094,linda97@example.org,(725)886-9299,Dominican Republic
Nicole Gordon,449-23-5688,brianmorse@example.net,5247557433,Netherlands Antilles
Beth Smith,281-69-2877,ttaylor@example.org,(928)913-5290,Bermuda
Robert Gibson,442-80-3185,troy93@example.org,(905)678-5374x40217,New Zealand
Paul Hall,478-22-2179,charlesjones@example.org,001-350-336-8003x67208,Belgium
Dakota Miller,356-49-9008,reedtasha@example.org,564.854.7300x4197,Wallis and Futuna
Julie Anderson,870-80-7789,jamesdavid@example.com,739-828-3730x734,Russian Federation
Shawn Curry,585-78-7057,dylan94@example.com,001-645-286-6571,French Polynesia
Melinda Smith,064-28-6674,vnunez@example.org,852-405-8045,Sudan
Rhonda Cooper,515-79-6544,zhayes@example.net,001-909-709-5529,Monaco
Renee Bowers,104-47-7851,johnmiller@example.com,528-701-1268x43599,Macao
Melissa Hodges,006-51-0409,rogerstiffany@example.org,416-915-8964,Algeria
Walter Gonzalez,598-29-8001,thomas76@example.org,(261)202-7703x5123,Singapore
Meghan Garcia,117-91-0965,larrywalker@example.com,001-547-935-2166x2773,Reunion
Eric Porter,367-18-8882,krista47@example.net,2023192638,Lithuania
Andrew Gray,728-47-1937,claysamuel@example.net,367-392-0551x81447,Burundi
Scott Miller,565-90-4908,zlozano@example.net,420-345-6984x24275,Antigua and Barbuda
Kimberly Young,892-28-7191,burnsjessica@example.net,4048423026,Canada
Juan Diaz,426-43-5124,michelle34@example.com,001-757-537-7291x28950,Singapore
Rachel Washington,162-25-8452,bmeyer@example.org,001-797-658-1214x8876,Montenegro
Erica Chambers,308-85-3958,heather25@example.com,300-341-3518x11514,Brazil
Zachary Vaughan,444-62-1360,kgay@example.org,2173505218,Bahamas
Kristopher Woodard,744-42-8421,clayton73@example.net,(950)760-2846,Bulgaria
Craig Hill,738-84-0843,stacyrivera@example.com,001-435-596-8001x38980,Dominica
Tina Fields,615-98-7157,lisawebb@example.net,228.687.9812,Mexico
Christine Brown,218-58-0506,peggywalters@example.org,+1-716-894-4975x3099,Cuba
Carl Grant,851-51-4495,nchurch@example.net,254.497.6148,North Macedonia
Mr. Matthew Wheeler MD,710-16-0615,zoe72@example.net,(682)681-2423x496,French Polynesia
Dr. Michael Jordan Jr.,251-75-1086,ikelly@example.com,603.597.9092,Aruba
Greg Washington,138-16-6107,barbara08@example.org,001-674-309-0056x002,Netherlands
Kendra Wilson,613-38-8876,hugheswilliam@example.net,234.844.7589,Ecuador
Miranda Schmidt,786-51-1966,tatejames@example.com,+1-587-863-6239x147,Latvia
Miss Katrina Blair MD,384-31-3842,mcfarlandlisa@example.com,(467)242-0547x9265,Romania
Elizabeth Scott,486-30-8273,julie18@example.com,630.667.5934x179,Pitcairn Islands
Melissa Howard,756-84-8100,pennyramirez@example.net,001-845-757-7478,Thailand
Anthony Russell,648-65-4307,xdoyle@example.net,(769)777-8791x058,Bahamas
Sherri Benson,745-61-3468,elizabeth23@example.org,(766)863-0938x182,Romania
Kelly Collins,041-83-5863,james49@example.net,927-500-3382x5225,Christmas Island
Kathryn Anderson,737-84-0859,wellsholly@example.net,9443906352,Macao
Sarah Schroeder,570-89-6603,wilsonaaron@example.net,+1-701-210-5605,Burundi
Stephanie Zavala,592-74-5902,gjames@example.net,+1-266-547-3615,Iran
Heather Crane,628-03-0657,kathrynallen@example.org,2184174873,Montenegro
Jennifer Hernandez,171-02-2513,chaveztammy@example.org,(915)489-3365,Equatorial Guinea
Joshua Sanchez,531-03-4530,briandavis@example.net,705-724-9041x212,Malaysia
Jennifer Nguyen,047-91-6244,perryelizabeth@example.net,3763663791,Bosnia and Herzegovina
Kayla Garcia,604-43-1029,guy21@example.com,857.229.7110x864,Samoa
John Ward,833-76-3876,jeremiah09@example.org,739.402.9880x7799,Seychelles
Brittany Mullins,885-11-0988,fthompson@example.org,001-935-672-0142x703,El Salvador
Scott Leblanc,698-71-5380,holson@example.org,+1-941-266-7780x5941,Lao People's Democratic Republic
Kelly Wade,589-05-9316,gabriellehammond@example.org,(569)572-7862,Turkmenistan
Joseph Jones,878-42-2771,johnsonmegan@example.net,001-356-681-7776,South Africa
William Bridges,152-32-7200,aprilmartinez@example.com,639-343-1502,Vanuatu
Richard Bradley,506-16-6162,edwardleonard@example.com,+1-723-652-5658x544,Egypt
Aaron Frazier,843-72-0302,alexis82@example.net,001-653-634-0946,Guernsey
Donna Hall,546-19-4530,sarah41@example.net,(876)438-9288x93838,Indonesia
Theresa Robertson,293-97-5366,stephaniejones@example.net,001-676-402-9050x02958,Mozambique
Brandon Freeman,202-08-1177,christopher80@example.net,9407931350,Australia
Scott Williams,296-82-1191,victoriascott@example.net,827.664.0656,Cayman Islands
Debbie Bender,012-08-5322,omercado@example.com,400.940.4999x5210,United States Minor Outlying Islands
Dennis Bishop,280-87-7416,davidvalentine@example.com,(887)391-1007,Saudi Arabia
James King,592-27-3080,cwhitaker@example.org,+1-231-448-5108x147,Norfolk Island
Mrs. Kathleen Deleon,508-56-4395,romerojason@example.net,001-342-548-9030x47717,Marshall Islands
Jamie Walter,358-40-5170,nicole66@example.net,514.991.2911x6860,Niue
Scott Osborn,057-61-5900,johnny92@example.org,595.894.6133x811,Norway
James Moore,892-11-0873,bonniemartinez@example.org,+1-805-287-8660,Palestinian Territory
Crystal Wilson,067-06-0938,krystalsloan@example.net,562.428.5615x50403,Belize
Timothy Murphy,888-64-8756,thomasdavila@example.org,9376924228,Andorra
Kevin Anderson,637-04-0814,watkinskelsey@example.com,448-362-1491x26738,Lebanon
Eric Stephens,320-51-3127,tholland@example.com,855-277-4584x78611,Nigeria
Holly Vargas,407-04-4333,heathertaylor@example.org,001-369-555-2376x941,Sierra Leone
Alexis Trevino,140-95-6684,megantorres@example.org,(864)476-2575x0765,Taiwan
Julia Johns,624-82-1317,jenniferdavid@example.net,+1-818-666-8152x596,Bolivia
Leah Kelley,766-15-7829,nicole25@example.com,906.829.8648x905,Faroe Islands
Holly Garcia,515-41-3784,lucasgreen@example.net,001-911-405-7549x0345,Tonga
Garrett Williamson,137-35-9838,thomasrebecca@example.org,+1-461-831-8011,Georgia
Crystal Ryan,346-85-0297,xkramer@example.com,+1-384-802-7314x5221,Sao Tome and Principe
Tracy May,386-59-0534,pricekathy@example.org,+1-427-601-6173x429,Bahamas
Lori Johnson,224-20-4280,imoran@example.org,(214)514-3299,Hong Kong
Jorge Wood,322-07-3201,mray@example.org,830-813-3714,Haiti
Jennifer Diaz,313-77-6506,kyle02@example.org,+1-488-947-1368x95600,Guam
Ashley Griffin,755-13-8755,paulmorris@example.org,917-629-8261x160,Puerto Rico
Michael Flores,374-60-9924,zmejia@example.org,782-488-9513,Bangladesh
Jill Ross,202-79-9412,newmanaaron@example.org,+1-975-339-7750x84524,Tuvalu
Peter Payne,302-07-3616,gordonbrandon@example.com,299-783-9793,Isle of Man
Autumn Martinez,585-98-0988,jennifer51@example.net,(796)617-5053,Serbia
Sarah Morris DDS,270-74-9610,mmendoza@example.net,226-786-5612,Portugal
Jason Haas,615-48-7166,brandonbarajas@example.com,301-634-3459x41081,Saint Vincent and the Grenadines
Mitchell Daniels,174-26-5229,gonzalezedward@example.net,960-649-3176,Seychelles
Omar Stevens,536-89-4610,bruce74@example.net,586.725.5800,Pitcairn Islands
Dr. Brian Weber,197-55-3614,michaellopez@example.net,7338756154,Tunisia
Lonnie Ruiz,227-41-7702,bradleymeyers@example.org,913.868.8144,Mali
Brandon James,254-22-4435,aaustin@example.org,001-620-316-3848x65581,Belarus
Rickey James,278-73-6731,morgankatherine@example.com,(847)424-2296,Mauritius
Gabriel Berger,051-15-3436,jimmartin@example.org,213-241-7459x947,Seychelles
Debra Jensen,342-77-6804,qwalker@example.com,268.382.9814,Kuwait
Steven Oneill,300-62-2139,lyonsjesse@example.net,345.395.3362,Turks and Caicos Islands
Ryan Craig,505-79-2585,allenrebekah@example.com,(973)822-6366x8011,Panama
John Henderson,774-31-6714,njenkins@example.com,220-868-8654x2511,Serbia
Tina Norman,883-53-5179,kimberly04@example.org,001-314-206-4861x51903,Benin
Evan Hughes,205-60-6599,richard40@example.com,698-430-2953x4311,Norfolk Island
Rachel Gross,387-37-1597,lisa06@example.net,4973052588,Vietnam
James Haynes,652-18-3644,audreyrogers@example.net,344-544-7536x8909,Moldova
Jill Reilly,119-69-6390,lkerr@example.com,(454)771-4137x8566,El Salvador
Tim Palmer,094-17-9551,gvaughn@example.com,922.689.0321x33225,Saint Lucia
Patricia Ferguson,579-16-4924,jhernandez@example.net,(385)849-0547,Congo
Christopher Hampton,681-38-1172,sharimarquez@example.net,652-951-3572x34673,United Arab Emirates
Carol Cook,022-74-7832,wrightmathew@example.net,369-204-7181x1459,Eritrea
Sarah Cooke,120-33-4310,shanejones@example.net,427-626-2777x68745,Gabon
Chelsea Atkins,347-02-2551,albertbrown@example.net,7828726536,Canada
Erin Shea,003-93-2479,schultzfrancisco@example.com,001-897-951-7437x31439,Vanuatu
Jessica Hendricks,431-13-1582,shellybond@example.org,001-546-943-8459x176,Lao People's Democratic Republic
Charles Russell,491-92-1851,dennismullins@example.com,712-816-6555x217,Kyrgyz Republic
Ray Ross,773-74-0922,samuel26@example.net,+1-776-269-7510x690,Senegal
Amy Bennett,510-18-1672,clairemoreno@example.net,+1-943-838-0199x1626,Botswana
Natalie Khan,759-40-0634,tmoore@example.net,502.408.2912,Kyrgyz Republic
Michael Cohen,086-01-5665,deborah51@example.com,(202)324-8307,Saint Barthelemy
Stuart Rojas,209-17-3599,georgesimpson@example.com,(493)644-5088x358,Georgia
Charles Collins,454-92-3511,websterchad@example.com,895.677.1649x8498,Guinea
Jerry Osborne,552-55-8322,valeriedavis@example.net,+1-933-363-7923x1896,Gambia
Jennifer Gregory,085-86-6061,tracy02@example.net,001-623-295-9890,Dominican Republic
Crystal Ross,112-73-0181,nglenn@example.org,617.440.6156x07823,Austria
Timothy Campbell,539-38-7598,smithrobert@example.net,464-941-1062,Cocos (Keeling) Islands
Peter Wolfe,157-68-4797,andersondebra@example.org,411.379.9973x705,Burkina Faso
Elizabeth Garrison,582-95-0441,rebecca93@example.org,468-992-0344,Saint Vincent and the Grenadines
Rebecca Robertson,563-32-6877,tylermccann@example.org,+1-978-951-0730x57758,Aruba
Eric Lucas,698-51-2871,cross@example.net,(995)539-1985x5774,Montserrat
Blake Schaefer,737-23-2629,williamserica@example.net,001-728-445-3062x456,San Marino
Dominique Patterson,442-79-9206,dcrawford@example.org,001-518-490-8515x4111,Sierra Leone
Natalie Richardson,514-28-7059,ericcarter@example.org,630.871.3532,Saint Barthelemy
Cassandra Smith,299-44-2675,jamiereed@example.org,001-218-732-1329x00937,Equatorial Guinea
Antonio Green,638-01-4722,ilong@example.net,+1-931-313-0757x93744,Gibraltar
Ryan Little,565-52-2013,cummingsedwin@example.com,740.708.3735,Benin
Amanda Bennett,455-97-9691,bmurray@example.com,856-417-3353x4770,Mayotte
Tracy Murphy,861-67-8219,fieldsdebra@example.org,746-485-1714,Italy
Dominic Baker,287-46-8875,honeill@example.org,752.228.3860x761,Norway
Tamara Valencia,654-83-8514,robertmcdowell@example.com,9567566975,Faroe Islands
Mary Kim,333-91-8167,myersmartin@example.com,(622)748-8801x8757,Mozambique
Melissa Mccarthy,838-24-8941,jgonzalez@example.net,(629)609-3090x84591,Malaysia
Crystal Riley,084-20-2719,moorejacob@example.net,6029962594,Antigua and Barbuda
Tiffany Rogers,414-58-2290,elizabeth02@example.com,(830)309-1195,Tonga
Kelly Young,344-74-9797,rlevy@example.net,816-245-2321x7405,Bouvet Island (Bouvetoya)
Dennis Little,353-42-0127,kellermarcus@example.org,6747698341,Romania
Christopher Allison,729-26-0617,jill88@example.net,(889)243-1760,Micronesia
Melissa Moon,763-27-0527,sara88@example.org,690-933-0368x11831,Christmas Island
Christopher Jones,144-87-0747,qhernandez@example.org,671-751-7563x7065,United Kingdom
Sean Sutton,048-67-6837,johnrodriguez@example.com,(738)891-4061x54421,Azerbaijan
Yvonne Perez,407-47-9221,alexander71@example.org,001-656-438-7485x9922,Brunei Darussalam
Julia Reed,836-43-6092,brittneycalhoun@example.org,(753)981-2811,Greenland
Susan Quinn,651-46-7487,alexwhite@example.net,505-371-9956,Samoa
Luke Macias,101-54-0706,kristine32@example.com,(729)283-7943x3375,United Kingdom
Jonathan Frank,340-98-3687,rayandrea@example.net,+1-525-397-7638x65990,Cuba
Grant Burton,602-71-2377,zgreen@example.com,857-452-9631x493,Saudi Arabia
Valerie Bell,223-84-4569,travismoreno@example.com,(562)656-8254x34455,Uzbekistan
Jennifer Walker,329-54-6529,james68@example.com,001-886-529-7376x46609,Japan
Michael Davis,489-97-5255,jdodson@example.org,(588)520-4723,Heard Island and McDonald Islands
Isabella Davis,073-57-3674,kenneth63@example.com,702.251.6646x00474,Christmas Island
Mckenzie Anderson,462-11-4176,mwall@example.com,+1-607-792-8766x4614,Australia
Vincent Baker,209-08-9386,josecunningham@example.com,970.922.5824x920,Seychelles
Rebecca Evans,673-74-3636,julianlopez@example.org,+1-417-525-1068x037,Belarus
Joshua Phillips,532-73-6402,josephalvarez@example.net,998.615.7640,Holy See (Vatican City State)
Nichole Barnett,285-41-0093,maryharris@example.org,876-570-9410,Tuvalu
Justin Holland,053-91-9116,umclaughlin@example.org,001-634-809-1687x197,Australia
Jaime Williams,154-60-7591,kimberlywebster@example.net,+1-341-341-8475x493,Egypt
Donna Miller,045-80-6295,louis48@example.com,643.856.9459,Eritrea
Kelly Garcia,466-62-6324,gabriellethornton@example.com,615-356-6462,Denmark
Andres Armstrong,421-40-7187,ocollins@example.org,001-477-454-9066x67128,Yemen
Sarah Stevens,300-88-0892,cameronerik@example.com,912.665.2621x277,Nepal
Mark Price,832-93-5265,campbellclayton@example.com,701.696.3202,Norfolk Island
Richard Wolfe,050-05-5201,stephencummings@example.net,001-474-297-3398x48507,Saint Martin
Anna Jimenez,125-51-8062,nking@example.org,868-242-1267x017,Armenia
Brendan Allen,312-64-4530,joannepowell@example.net,865.399.7480,Tokelau
Susan Smith,630-73-6500,maria67@example.net,391.946.0684,Netherlands Antilles
Susan Morales,852-53-2866,millercolton@example.com,2463289612,Guatemala
Jesse Rasmussen,160-08-1671,meredithlynch@example.net,827.865.5580x1854,Sao Tome and Principe
Gregory Schmidt,839-28-5163,josepheric@example.net,(357)369-7925x2371,Saint Lucia
Ian Lee,552-14-7267,deborah06@example.com,001-835-245-5614x428,Saint Barthelemy
Alyssa Gonzales,794-66-4240,jennifer98@example.org,(947)727-6615x271,Georgia
Melinda Anderson,422-52-3467,hallanthony@example.org,001-471-576-7957,Uruguay
Julie Serrano,152-16-6287,clarkenathan@example.com,001-739-368-8497x37047,Guernsey
Lonnie Brown,826-57-4400,sharonwilson@example.com,8409001821,Heard Island and McDonald Islands
John Bradshaw,557-70-1509,christy53@example.org,+1-426-210-6933x0311,Turks and Caicos Islands
Denise Baker,159-37-9474,patricklogan@example.org,001-593-462-9837x72097,Jordan
Rebecca Frey,185-31-2697,williamskevin@example.com,(427)265-2318x66847,Tonga
Cindy Fox,595-40-4940,jodi44@example.net,654-324-7891,El Salvador
Jennifer Phillips,211-30-4062,ekim@example.net,701.536.7962x786,Bhutan
Tamara Obrien,718-51-6211,shahbarbara@example.net,(803)888-2498,Korea
Theodore King,673-03-1752,jasminenelson@example.org,296-870-7781x6340,United Arab Emirates
Shelly Daniel,755-27-3661,gmeyer@example.net,8253890125,Marshall Islands
Alicia Oliver,852-98-8674,sullivanallison@example.org,345-204-1001x270,Falkland Islands (Malvinas)
Charles Greene,441-55-9206,joshua65@example.org,(877)794-2048x324,Bolivia
Mrs. Brenda Ramos,155-80-0511,josepayne@example.net,+1-615-654-3576,Mauritius
Tonya Kent,424-35-3360,shawn19@example.com,(578)672-0778x3407,Gambia
Jennifer Gross,764-56-6477,saundersdavid@example.net,875.202.4352x630,Saint Barthelemy
Kimberly Nguyen,215-72-9822,harperchristy@example.net,763-651-8396,Brunei Darussalam
James Mack,277-52-9990,ualvarez@example.com,+1-761-676-9459,Cook Islands
Sarah Bailey,750-92-2408,rachel31@example.com,589-549-0611x74451,Netherlands
Marie Torres,369-96-6295,silvajoseph@example.com,446.510.8919x394,Gambia
Valerie Boyd,290-38-9902,richardrivers@example.com,314-656-5311x3891,Turkey
Andrea Vazquez,034-88-7672,penningtonmiguel@example.com,(850)793-4254x29070,Mali
Krystal Russell,381-38-8075,lisastafford@example.com,203.350.7550,Tuvalu
Joseph Johnson,028-59-0867,amylynch@example.org,(931)347-5417x8971,Moldova
Sarah Cochran DVM,073-12-1958,wrightvictor@example.net,246-714-2780,Montenegro
Lisa Leon,536-52-8647,hhall@example.net,936-732-8671x013,Syrian Arab Republic
Whitney Blake MD,369-51-2602,flawrence@example.net,4329042249,Mayotte
Madison Flores,193-07-5100,bethanymoore@example.org,4153330170,El Salvador
William Estrada,238-64-5899,christopherherrera@example.net,001-392-880-0240,Guadeloupe
Daisy Morris,701-75-2171,joshuaknight@example.com,(716)621-8354x524,Congo
Jenna Taylor,151-44-1585,katherineflowers@example.net,+1-405-576-9059x47017,Western Sahara
Patrick Miller,337-44-2582,mbrown@example.org,(662)385-9266,Norway
Karen Short,595-74-3982,thomas25@example.com,2586890122,Saint Martin
Russell Fernandez,884-34-4383,shouston@example.com,657.879.7661x769,Jordan
Rachel Howell,201-58-1913,vsmith@example.net,(387)841-1269x9022,Bouvet Island (Bouvetoya)
Amanda Miller,796-17-0849,michele91@example.org,(870)236-0404,Chad
Raven Cline,562-54-7007,alicia84@example.net,001-799-946-0969,British Indian Ocean Territory (Chagos Archipelago)
Charles Mccann,519-48-3480,krystal39@example.net,405.247.6437x0272,Hong Kong
Ryan Wilson,115-46-1023,ericharris@example.net,975.456.9436,Eritrea
Amber Lee,481-41-4721,romerodarryl@example.net,529.592.8027x9342,Sao Tome and Principe
David Woodard,455-51-9929,joshuaguzman@example.com,786-303-7760x437,Palestinian Territory
Bonnie Curry,177-27-7748,ikelly@example.com,001-317-519-4546,Zambia
Joseph Carroll,451-04-1651,crossteresa@example.com,314.779.2831x842,Belarus
Angela Kim,096-24-0370,mary99@example.org,001-398-830-0972x6660,Somalia
Regina Lopez,100-94-6775,michelle48@example.org,+1-256-311-8177x6610,Maldives
Erik Oneal,569-45-1511,awhite@example.net,5565488167,Bangladesh
Christopher Kerr,144-26-4057,lewisbrenda@example.net,328-582-2485x750,Holy See (Vatican City State)
Sarah Long,319-05-1932,weekspamela@example.com,(980)367-4166x446,Greenland
Jesse Cook,568-63-0620,herreramallory@example.net,(490)743-6431x085,Turkey
Suzanne Johnston,820-92-4276,matthewwilliams@example.net,491-755-5546x177,Cuba
Sue Rogers,630-81-8888,michelle39@example.org,(627)558-8614x045,Jersey
Amy Brown,374-56-6398,angelahopkins@example.org,300-842-2883,Samoa
Tyler Thomas,285-17-7697,freemanelizabeth@example.org,001-930-296-9029,Bhutan
Marc Mejia,428-04-9021,garylewis@example.net,883.507.9019,Saint Pierre and Miquelon
Kristin Brown,355-45-0243,nowens@example.org,445-302-6039x042,Chile
Deborah Parker,712-35-6416,cheryl81@example.com,001-598-242-2393,Palestinian Territory
Jamie Davis,466-52-2459,vortiz@example.com,8885010449,Mali
Jessica Brown,579-43-7953,francoshelley@example.com,883-765-7497x289,Colombia
John Hudson,072-45-6298,jonathan30@example.org,+1-373-494-8304x9843,Turks and Caicos Islands
Christy Ramos,191-67-4064,tristan02@example.org,+1-548-276-7463,Tonga
Carolyn Gutierrez,364-77-5286,carneyallison@example.com,+1-929-553-7689x348,Cote d'Ivoire
Kristin Johnson,427-01-3647,feliciareeves@example.com,001-822-910-0542x1737,Mayotte
Jared Gilmore,571-82-1421,nmora@example.org,4632921646,Namibia
Vincent Stone,278-10-7301,melissaclay@example.net,888-843-9086x345,Nicaragua
Robert Kennedy,866-77-5865,kristin59@example.net,(356)810-8211x133,Pakistan
Wayne Sims,021-93-8340,breanna24@example.org,001-394-852-5374,Greenland
Megan Olsen,287-89-1937,nnewman@example.org,901-599-3798,Saint Martin
Robyn Johnson,175-65-8452,matthewsmelanie@example.org,(372)973-0226,Guernsey
Kenneth Weaver,847-97-7471,carlosbrown@example.net,001-795-494-0380x53442,Korea
Raymond Rojas,070-65-5172,ramirezshannon@example.net,662-689-5082,Cayman Islands
Katherine Henson,324-11-6917,markhall@example.org,9598727610,Heard Island and McDonald Islands
Christina Robertson,284-53-6498,kenneth23@example.org,+1-634-444-3796x97198,Russian Federation
Marcus Williams,246-03-2507,cookkristen@example.org,432-632-4004x80388,Angola
Melissa Jefferson,783-02-7976,cameron82@example.com,+1-338-287-9029,Cape Verde
Marvin Brown,468-57-0098,pmendoza@example.com,932.429.3294x0243,Tokelau
Crystal Williams,311-32-0121,coleisabel@example.net,+1-967-902-7330x39957,Somalia
Mr. Kevin King,202-77-2745,rachelhood@example.org,+1-576-513-1331,Mozambique
Justin Carroll,570-06-3267,aaronscott@example.org,774-936-1063x698,Taiwan
Kimberly Vasquez,891-92-8170,carolynbennett@example.org,+1-329-212-3508,Indonesia
Javier Davis,557-16-7565,strongkyle@example.com,696-883-8188x235,Bulgaria
Kimberly Coleman,078-01-2647,burnettdaniel@example.org,001-555-571-6281x00389,Guam
Grant Webster,501-92-4369,deannawalsh@example.net,870-658-2403x420,Malta
Edwin Walker,553-92-1033,reginahines@example.com,001-576-830-5713,Guadeloupe
Mr. Derek Barajas,487-10-0552,mclaughlindawn@example.com,+1-921-982-7951,Sweden
Jessica Rice,854-27-5494,lozanojacqueline@example.org,(764)910-0498x60638,Gibraltar
Victor Wiggins,230-74-5434,johnfrank@example.org,403.849.6813x27251,Bhutan
John Atkins,419-88-9853,nataliebrown@example.net,(240)724-8983x36202,Ethiopia
Matthew Rich,830-75-6617,kdoyle@example.com,7667723702,Gibraltar
Richard Tucker,873-51-8338,ryanpearson@example.net,+1-505-229-3432x3206,French Guiana
George Murray,018-21-8941,robertlove@example.net,393-654-8281x8184,Belarus
Michael Cummings,623-68-5201,nicole10@example.org,+1-328-499-3345x076,Heard Island and McDonald Islands
Dana Newman,132-49-0970,diane35@example.net,001-303-412-5709x4640,Tokelau
Megan Rodriguez,166-23-4838,bhardin@example.org,562-893-7275,San Marino
Anthony Jordan,404-62-4172,fbrown@example.com,4858167615,Ireland
Richard Nelson,674-35-0859,nicole73@example.com,(708)436-1003x3403,Cote d'Ivoire
Tiffany Waller,467-71-5872,devin31@example.net,955-464-6632x134,Uganda
James Brown,287-25-6733,milesbrittany@example.net,6642938029,Cambodia
Jon Johnson,472-31-2304,thomasjoshua@example.net,+1-230-980-9184x458,Pitcairn Islands
Kathy Johnson,369-05-8819,victor98@example.org,284-470-3022x79131,United Arab Emirates
Rebecca Barry,389-76-4188,zmitchell@example.org,512-955-3319,Russian Federation
Stefanie Thompson,726-75-8946,zhenry@example.org,344.229.0838x8616,Cambodia
Justin Roberts,478-35-2752,lance49@example.net,001-289-770-8082x4977,Romania
Sherry Gibson,170-86-7527,kevin33@example.com,807.604.3956x184,Cameroon
Victoria Harris,164-20-1570,woodwyatt@example.net,904.853.8964x81012,Libyan Arab Jamahiriya
Tara Murphy,284-05-4695,austin87@example.net,+1-534-819-6182x512,Peru
Lisa Perez,558-51-6033,perezdavid@example.com,001-844-881-1987x74204,Niger
Andrew Martin,217-31-7711,gregorymorgan@example.net,001-254-920-5199x33773,Turkey
Peggy Martin,106-24-9234,richard47@example.com,875-893-8900,Sao Tome and Principe
Adam Smith,682-33-3829,kelly47@example.org,5482028565,Saint Martin
Timothy Castillo,647-26-6557,jessica58@example.net,+1-741-477-3247,South Georgia and the South Sandwich Islands
Samantha Smith,659-88-0254,vvaughan@example.net,568.290.8723,French Southern Territories
Rhonda Diaz,409-71-4626,curtisdavid@example.net,(609)612-1529x222,Spain
Yvette Jones,663-53-8681,fischerdaniel@example.net,001-788-436-9366x8569,Ethiopia
Ricky Montoya,605-03-4006,lindaturner@example.org,+1-862-614-5699x2911,Afghanistan
Michelle Sanchez,808-19-7570,brian38@example.net,(223)625-8681x945,Niue
James Fleming,231-84-8682,valentinejohn@example.net,(649)365-9700x90484,Liberia
Jonathan Barrett,408-56-6480,fordmichael@example.org,233-937-1384,Oman
Tracie Flores,340-79-6328,baxterdouglas@example.net,+1-648-466-9947,Bosnia and Herzegovina
Brandy Garcia,151-30-3542,jmathis@example.com,419.500.5698x757,Cameroon
Jacqueline Everett,488-39-1902,josephmeza@example.com,757-210-2132x60946,Moldova
Lindsey Park MD,174-25-4097,nguyenrebecca@example.net,001-281-505-2680x5756,Benin
Sarah Rodriguez,725-58-1513,kelly73@example.net,517-203-8471,Belgium
Jason Gordon,635-05-3494,qtaylor@example.org,+1-807-725-9499x48281,Senegal
Jessica Olson,767-83-2760,william52@example.net,+1-697-451-7429x31207,Svalbard & Jan Mayen Islands
Benjamin Rodriguez,828-88-1152,david64@example.com,997.213.9229,Northern Mariana Islands
Anne Campbell,042-05-0045,hmcgee@example.com,842-516-2719x697,Sierra Leone
Gina Reese,676-27-3086,rickypierce@example.com,811-619-8056x3424,Congo
Jason Hahn,820-69-2934,nicholas63@example.org,603.700.8706x44960,Netherlands Antilles
Susan Mitchell,375-26-1462,mark48@example.com,652-900-2185,Eritrea
Pamela Hernandez,219-25-1212,ryanleach@example.com,263.405.9535x917,Peru
Haley Glenn,444-70-0411,proctorsteven@example.net,+1-857-775-6772x229,Costa Rica
Stacey Clements,242-26-6291,jillmendoza@example.net,+1-513-244-2139x66923,Spain
Stephanie Dunn,637-13-9012,taylorspencer@example.org,637-872-2695x8475,Saint Lucia
Victoria Dixon,319-97-8338,hfreeman@example.org,(512)525-0049,Brazil
Anthony Lopez,319-30-1298,ahughes@example.net,840.841.1496x567,Kuwait
Isaac Miller,047-95-7060,kjimenez@example.org,475.508.7984x68280,Saint Lucia
Bonnie Harris,276-31-6713,margaret87@example.com,(714)691-7575x9636,Niger
Autumn Shelton,291-06-4690,vincentrussell@example.org,001-740-536-8816x3784,Chad
Dr. William Valentine,294-67-3979,imedina@example.com,361.597.5255x728,Malawi
Christopher Reed,188-25-3548,qchang@example.com,637.363.2362x838,Christmas Island
Gary Merritt,546-32-1857,rebeccacrane@example.com,405-491-7525x2742,Mongolia
Ms. Carol Smith,436-40-9414,theresamurray@example.com,791-754-2486,South Africa
Mr. William Potter,398-37-1174,robertbaker@example.org,001-754-703-2476,Zimbabwe
Richard King,873-16-7818,tbond@example.net,429.696.9194,Tokelau
April Middleton,203-12-7530,victoriasmith@example.org,416.502.6894x6715,Belarus
Michael Newman,403-27-5021,katherinecruz@example.org,(663)526-7015,New Zealand
Martin Haynes,054-04-0133,rfitzgerald@example.org,3634395183,Canada
Nicole Smith,362-90-1307,gnguyen@example.com,212-314-7554x4194,British Indian Ocean Territory (Chagos Archipelago)
Joan Nelson,793-31-9050,melaniejones@example.org,741.307.8834,Timor-Leste
George Smith,802-33-0674,christine90@example.com,829-828-5660x832,Czech Republic
Kimberly Clark,107-06-5367,christopherrussell@example.com,416-201-2687x295,Pakistan
Sarah Summers,514-12-9984,hcarter@example.net,735.613.3295x3461,Indonesia
Jonathan Mercer,594-34-3939,natalie90@example.com,5943097257,Mozambique
Calvin Madden,073-07-7514,walkercatherine@example.org,656-201-0649x1481,Comoros
Jose Patterson,623-85-1811,bcook@example.org,6624911021,Guinea
Eric Thompson,215-60-3437,james71@example.org,649.319.5155x4781,Falkland Islands (Malvinas)
Carrie Miller,420-54-8757,fmullins@example.com,+1-484-522-4111x11406,Latvia
Holly May,120-02-0860,heatherrussell@example.com,501-282-7689x0927,Rwanda
Megan Jones,054-69-4631,ahunt@example.org,+1-480-800-5226x4609,Sri Lanka
Logan Smith,601-46-7180,patrickhoffman@example.net,430.235.1345x7718,Swaziland
Joseph Curry,812-70-9839,johnsonmason@example.com,777.811.6082x9616,Samoa
Courtney Dean,487-24-1645,kyle56@example.net,247.466.7125,Lesotho
Travis Johnson,388-63-3872,rho@example.net,(412)864-2706,Haiti
Lisa Mitchell,366-01-7675,johnjohnson@example.com,559-375-7951x7819,Lesotho
Denise Franco,585-24-2989,stacylee@example.com,+1-525-942-2101,Sudan
Thomas Carter,777-84-1732,vvelez@example.com,001-760-280-8091x4630,Uruguay
Daniel Woods,278-65-8239,toddhoffman@example.com,+1-727-505-5184,Tuvalu
Kelly Parks,652-19-1833,osims@example.net,001-560-988-9245x5917,Botswana
Tara Monroe DDS,052-84-4040,xhamilton@example.com,921.333.3792,France
Tyler Murray,490-98-3513,jenniferhanna@example.net,(474)924-1330,Saudi Arabia
Jared Ward,244-96-0286,amanda30@example.org,(723)450-4574x0239,Netherlands Antilles
Joel Vasquez,430-47-6274,jenniferorozco@example.net,434.830.9036,Myanmar
Matthew Neal,498-06-8597,nedwards@example.org,4002453589,Guam
Erin Ward,143-14-8219,danny00@example.net,493.276.9114x1797,Andorra
Amanda Adkins,881-30-6881,kevin66@example.com,490.815.6831x7237,Italy
Jessica Ellis,470-06-1293,jacobbrown@example.net,5947229737,Guinea-Bissau
Brandi Macias,877-79-7525,ashleypalmer@example.com,+1-747-584-1586x620,Malta
Cameron Allen,050-28-6684,jmurphy@example.com,(724)785-2587,Libyan Arab Jamahiriya
Amanda Jimenez,314-51-0098,santanastacy@example.com,001-865-337-5430x71711,Uzbekistan
Danny Bryan,355-95-2262,yburton@example.org,(551)452-7406x1417,Bouvet Island (Bouvetoya)
William Mcdonald,064-24-7504,uwatson@example.org,(541)971-1719x4178,Timor-Leste
Gregory Bryant,697-60-1656,john98@example.net,001-385-529-9543x56665,Belize
Alison Mendoza,130-41-9321,kennethlewis@example.org,001-514-751-5615x26793,Western Sahara
William Jones,042-62-8247,elizabethsingleton@example.com,567.834.2130,Togo
Mary Hubbard,279-52-1831,wrightemily@example.com,2872662459,Myanmar
Michael Marks,608-87-7071,watkinslucas@example.com,684-799-7596x0762,Micronesia
Brenda Doyle,174-25-8575,courtney51@example.net,780.675.1298x29762,Angola
Craig Brady,317-60-3315,ldavis@example.org,382.823.4517x35022,Gambia
Katherine Henderson,506-49-6877,hannah35@example.org,553-597-6291x772,Georgia
Jaclyn Klein,132-78-2315,oadkins@example.net,(638)779-1206,Congo
Jennifer Holmes,352-25-9652,omills@example.org,726-389-1996,Malawi
David Novak,881-36-4525,leslie41@example.org,+1-549-736-1856x425,Cameroon
Cynthia Jimenez,350-65-5949,brianhull@example.com,751-572-2552,Andorra
William Johnson,735-21-3818,aliciamiller@example.com,+1-509-541-2497x14335,Malaysia
Laura Hester,499-10-5599,bgriffin@example.org,001-998-543-6234x5890,Sudan
Kenneth Taylor,761-63-7786,ndavis@example.com,232.915.2504,Jordan
Krista Goodwin,012-03-2236,louisgreen@example.com,5388391153,Australia
Jack Alexander,778-02-1674,joshuaandersen@example.net,001-734-660-1980x036,Myanmar
David Duncan,862-26-0328,manuelmcdonald@example.com,6806045187,India
Bethany Barrett,632-96-0285,angela20@example.net,652-239-4521,Saudi Arabia
Kyle Mcdonald,299-32-8421,mdavis@example.org,695.438.1608x1401,Slovakia (Slovak Republic)
Lauren King,648-92-4170,ypittman@example.com,558-296-5896,Romania
Shawn Lester,374-86-7120,qfernandez@example.org,001-839-643-8108x37760,Gambia
Rachel Richards,474-31-8586,qgould@example.net,543.789.6410x9446,Azerbaijan
Jessica Riley,305-97-9051,millerkristie@example.com,(440)691-2601x6726,Gibraltar
Kimberly Williams,288-36-2686,tamara62@example.com,+1-757-395-2242x48870,Portugal
Dr. Aaron Graves,352-71-9824,ymartinez@example.net,760-300-0061,Suriname
Nicole Martinez,302-92-9281,silvajohn@example.net,746.718.9851x91723,Jersey
Alexa Jackson,806-71-0425,hamptonryan@example.net,+1-818-225-9694x3050,British Indian Ocean Territory (Chagos Archipelago)
Angela Velasquez,694-78-4538,rlawson@example.com,532.710.8581x26359,Nicaragua
Brandon Herman,574-43-5082,aparks@example.com,+1-455-209-1891,Croatia
Alexandra Miller,251-07-3971,kimmendez@example.org,720-649-1759,American Samoa
David Mitchell,629-48-0412,matthew95@example.com,865-251-0326,Sri Lanka
Allison Davis,704-84-9399,hpollard@example.org,727-513-6414x7967,Sri Lanka
Philip Spence,199-17-1583,calderonashley@example.net,4995219956,Eritrea
Ricky Underwood,461-77-7606,smiller@example.net,434.300.9812x553,Heard Island and McDonald Islands
Jeffrey Knight,194-25-4073,mark28@example.com,397-702-5941x69185,Belize
Norman Fox,301-41-0964,wilsonjeffrey@example.org,(970)200-5385x63938,North Macedonia
Jane Sanders,853-46-8458,qpowell@example.net,459.342.6776,Philippines
Timothy Morrow,361-12-0780,wangbill@example.org,+1-557-965-9246x50561,Isle of Man
Melissa Best,023-56-5371,michael11@example.com,944-386-4682,Russian Federation
Mr. Mark Becker,662-10-6771,henry94@example.net,949.544.8858x16362,Cambodia
Rachael Reid,290-53-4872,david80@example.org,586.367.4478x0566,Montserrat
Lindsay Hinton,378-68-9431,samuel83@example.com,+1-504-552-4690x8251,Sierra Leone
Jimmy Jackson,182-58-9098,christopher25@example.org,387.600.7319x74690,Tajikistan
Grace Johnson,279-14-8360,sarah12@example.net,251.294.3844x45660,Senegal
James Martinez,018-91-6342,deanna80@example.net,5209773667,Sweden
Joseph Robinson,504-43-0333,sandra80@example.org,662.810.4478x102,United Arab Emirates
Allison Greer,026-05-5333,murphycourtney@example.org,(840)694-1742,Guinea
Anna Leblanc,206-72-9665,stonekathryn@example.com,340-293-7820x274,Nepal
Karina Ryan,720-49-1095,thomascarlos@example.org,781-512-8519x10099,Chile
Shawn Hayes,513-54-8235,nicolepearson@example.org,769.948.5703,Cayman Islands
Justin Owens,518-96-7617,ebrown@example.org,+1-795-397-4361x0953,Peru
Alexander Jackson,757-01-8382,regina01@example.org,311-642-9920,Lesotho
Debbie Moore,250-64-1977,jeffrey36@example.net,+1-621-760-8449x8655,China
Megan Walker,379-08-8445,rgonzalez@example.com,630.975.3563,Falkland Islands (Malvinas)
Randy Berry,620-42-4453,keith34@example.com,001-787-569-7204x4679,Uganda
Robin Phelps,219-60-4625,eric81@example.com,823-522-3756x422,Swaziland
Brian Brooks,337-50-3879,christineoliver@example.com,396-952-5297x12693,Kenya
Dana Jackson,297-17-0005,kgray@example.com,255.250.9955x60181,Wallis and Futuna
Courtney Marks,002-58-0754,hooderica@example.net,001-894-860-5917x0808,Mali
Jonathon Kennedy,091-98-2607,kurtbrooks@example.org,+1-553-530-5928x82015,Niger
Beth Blair,559-12-9373,torreserin@example.net,546.920.2656x0064,Iraq
Linda Johnson,017-67-2059,allison87@example.net,5802205860,Congo
Cindy Collins,350-12-6943,collierscott@example.org,+1-723-270-7440,Angola
Barbara Lucas,683-93-0143,jonathan39@example.com,681.372.9137x07031,Niger
David Huffman,152-76-9174,kennethwalsh@example.org,5953351324,Saint Martin
Carolyn Ford,472-67-1816,irodgers@example.com,987.201.1372x9432,Kenya
Kimberly Smith,206-39-7304,amandaboyer@example.com,593.965.4862,Spain
Jeffrey Bond,027-15-7446,stanleyjames@example.com,001-715-777-3189x2386,Botswana
Debra Moreno,497-68-5592,nhutchinson@example.org,(641)655-2705x686,Faroe Islands
Jorge Richards Jr.,472-41-0327,danielgarcia@example.org,274.782.1973,Cambodia
David Mcintosh,546-32-7923,garyoconnell@example.com,001-282-804-8389x2611,Denmark
Theresa Calderon,426-79-5181,jordancase@example.com,893.853.3188x91466,Finland
Stephen Miller,060-96-8015,lucaschristopher@example.net,948.414.6900,Bhutan
Elizabeth Romero,013-86-0757,marymiller@example.com,001-210-565-4722x0997,United States Virgin Islands
Yvonne Johnson,174-70-1818,fergusonteresa@example.net,001-848-462-3002x843,Saint Helena
Joan Martinez,476-41-4731,rlucero@example.com,957-881-3392x1693,British Indian Ocean Territory (Chagos Archipelago)
Debra Lambert,730-60-7543,moodyrobert@example.net,(544)856-7625x1883,Reunion
Adrian Martinez,830-24-0549,lauragonzalez@example.com,256.343.4172,Mongolia
Diane Pope,577-36-0486,bmendoza@example.net,439.292.8653x343,Tokelau
Jennifer Lopez,702-62-9270,michele61@example.com,592-237-8609x41548,Fiji
James Gomez,056-68-6941,waynesmith@example.com,4878108875,Bahrain
Edward Harris,013-91-7992,xbryant@example.com,(765)533-2449x58108,Korea
Eugene Baker,624-44-0374,ocase@example.net,6348152335,Venezuela
Michelle Mccann,247-79-5804,cduarte@example.com,5079240676,Central African Republic
Glenn Drake,352-11-8626,ocallahan@example.net,232-269-4666x9216,Lesotho
Lori Jones,782-88-9153,veronica98@example.com,311.952.7440,Cameroon
Matthew Evans,129-16-2065,imeadows@example.com,957-502-0645x615,Saint Vincent and the Grenadines
Michele Fowler,117-52-3956,nicolasnelson@example.org,225-339-7268x52407,Luxembourg
Brandon Hall,023-22-1240,bergerpatricia@example.com,(692)930-1698x64594,Samoa
Joshua Estrada,587-10-8416,wadams@example.net,+1-338-320-8379x892,Finland
Tina Ball,342-28-5948,lisa91@example.net,922.653.1519,Sierra Leone
Mr. Robert Williams,664-36-8750,drose@example.org,831.618.7262,French Southern Territories
Joseph Torres,730-71-9987,mark69@example.com,(813)587-0717,United States of America
Austin Johnson,279-76-9376,kevinrobinson@example.com,(227)528-0573x70592,Iceland
Christine Moore,476-44-0873,ashley40@example.com,+1-344-729-5643x4299,Vanuatu
Joseph Ellis,514-52-2007,qlopez@example.org,001-220-592-2777x8207,San Marino
Heather Baker,187-58-9950,kerrjeremy@example.net,(690)610-3067x666,Philippines
Sarah Carroll,081-94-6009,morrisdominique@example.net,001-589-746-0844x50496,Faroe Islands
Adam Strong,794-32-2387,mark82@example.net,(639)667-1726,Uruguay
Jessica Kirby,714-80-3184,rking@example.org,359.697.3942x734,Kenya
Christopher Hanson,254-39-3946,crystaleaton@example.org,(696)748-5047,Belize
Jessica Hopkins,262-81-3845,kwarner@example.org,561.237.1848x338,Armenia
William Callahan,696-26-5218,bbarker@example.com,+1-274-873-9870x162,Congo
Allison Ray,690-22-6544,rachel26@example.com,816-293-3279x6282,Saint Lucia
Steven Pope,768-90-5905,sthomas@example.com,979.494.5612,Malta
Dr. Corey Carey,145-29-1688,cherylnelson@example.net,362.354.5137,United States Virgin Islands
Stanley Crosby,267-93-5124,stevenjones@example.org,+1-627-394-5237x3580,Jersey
Justin Smith,226-87-5822,mark35@example.net,786-282-6708x28025,Gabon
Catherine Cole,577-25-8950,thomas74@example.net,2137725209,Northern Mariana Islands
Eric Klein,204-70-3755,justin58@example.net,348-700-7043x125,Syrian Arab Republic
Michele Lee,282-39-8477,alexrogers@example.org,+1-778-997-7856x24376,Jamaica
Jill White,603-16-0767,gmassey@example.org,525-779-8471x49768,Antigua and Barbuda
Jeremy Clark,091-57-0409,omyers@example.net,(280)655-1002,Martinique
Kurt Walsh,047-84-6402,andersonstacy@example.net,+1-538-619-6800x516,Jordan
Michael Gallegos,507-26-2035,nclark@example.com,+1-266-941-2591,Bahamas
April Beltran,861-35-8973,matthew99@example.com,+1-234-477-2012x457,Finland
Steven Cain,857-13-3414,cortezcathy@example.com,001-421-459-3934x2305,Micronesia
John Smith,077-70-8475,barbarajenkins@example.net,966-631-8880,Jordan
Sara Carlson,816-68-5462,mirandamiller@example.net,(743)994-8076,Paraguay
Krista Butler,439-05-8198,strongjulian@example.org,4428575479,Papua New Guinea
Shelby Ramirez DDS,399-95-6215,nschwartz@example.org,2494288659,Costa Rica
Jason Rodriguez,127-96-2548,jeffreybaker@example.org,(628)648-8653,Portugal
Angela Randolph PhD,171-10-3198,hwright@example.org,680-227-5947x03112,Germany
Heather Reyes,832-37-9844,howellpaul@example.com,4585995470,Tuvalu
Aaron Thomas DVM,437-41-5286,brianhall@example.org,887-383-5616x93523,Angola
John Melton,521-56-0481,qmiranda@example.com,525.595.7483x517,New Zealand
Kristi Garza,399-50-4628,wwright@example.net,8253475267,Belarus
Todd Morse,540-19-7488,madeline53@example.org,2972244801,Malaysia
Erin Williams,813-21-7383,nharris@example.org,(777)696-8998,Serbia
Lisa Nelson,722-14-7856,leejennifer@example.com,797.503.0517x261,Greenland
Mrs. Nancy Rose,327-63-1509,gabriellaedwards@example.com,001-440-894-9798x41405,Croatia
Stacy Love,308-09-3837,larry60@example.com,(983)716-0966,Cape Verde
Michael Wolfe Jr.,764-02-5479,glenn47@example.net,001-993-547-6632x495,Algeria
Samantha Smith,373-16-8655,andersondanielle@example.net,6667700000,Bouvet Island (Bouvetoya)
Janet Peterson,179-98-9745,lferrell@example.net,597.596.7759x98216,Macao
Hannah Moses DDS,174-13-9293,nathan64@example.com,(966)894-8623x869,Belize
Tanya Webb,221-06-3333,danielmckee@example.org,963-636-5553x402,Micronesia
Brian Haney,186-08-0603,xmurphy@example.com,+1-476-987-0500x10007,Greece
Nicholas Sanchez,242-73-4955,floresmatthew@example.net,(512)236-1577x757,British Indian Ocean Territory (Chagos Archipelago)
Amy Jones,847-90-5273,morrisbrian@example.com,465-661-6974,Antigua and Barbuda
Alexandra Thomas,459-21-1955,jblackwell@example.com,9716912051,Somalia
Shawn Estrada Jr.,023-80-9149,roberthernandez@example.com,496.388.3714x931,Norfolk Island
Robin Marks,727-38-4701,martin82@example.net,707.338.2270,Cameroon
Jose Sutton,538-67-5680,christopher89@example.com,946-257-8487,New Caledonia
Joshua Hernandez,455-31-2099,ericmartinez@example.net,6307428441,Ghana
Veronica Martinez,209-02-9864,mark45@example.org,536.957.0334x05749,Georgia
Amanda Holden,150-07-8517,davidcortez@example.org,646.758.8955,Philippines
Jenna Schmitt,592-75-3319,lindsey96@example.net,374.691.5425x567,Djibouti
Justin Murray,246-80-8209,solisrebekah@example.net,2616384987,Angola
Mrs. Angela Murphy,052-40-7082,kevin48@example.net,001-549-744-1836,Seychelles
Melanie Willis,668-58-0593,powellyolanda@example.com,001-593-885-3316x97255,Montenegro
Tiffany Castillo,829-76-5170,xhoward@example.org,(786)862-2472x6885,Latvia
Kent Cantu,048-43-1266,mitchellhector@example.com,+1-590-835-0973x300,Egypt
Christopher Shaw,552-97-6299,rebecca83@example.org,(759)788-9763,Mayotte
Ryan Crawford,748-84-2340,hollandmiranda@example.net,266-863-6331,Gabon
Michael Alexander,687-52-4858,qjenkins@example.net,001-276-285-1914,Micronesia
Juan Harris,785-73-5560,david39@example.com,(323)457-9372x60244,Azerbaijan
Taylor Guzman,201-43-3783,poliver@example.com,980-644-5884x1697,Liberia
Jared Moran,861-95-4993,sullivanfrederick@example.com,001-850-211-1013x495,Spain
Brent James,363-32-7790,ilopez@example.com,+1-838-928-0483x953,South Africa
Andrea Matthews,825-80-0175,ryan83@example.org,(442)314-5324x07129,Western Sahara
Nathaniel Pierce,079-33-3677,michelle74@example.org,207-230-8213x397,Australia
Wesley Stewart,066-51-7911,haleymiller@example.com,+1-250-841-3913x465,Ireland
Carol Mckinney,501-89-9543,krose@example.org,+1-496-904-0191,Saint Barthelemy
Robert Rivera,617-21-4262,joneswilliam@example.org,001-554-384-2080x7867,Mauritius
Eric Alvarez,436-60-0113,gilesrichard@example.net,396-411-2063x743,Lesotho
Brenda Graves,791-22-2458,sallygreen@example.com,680.914.2975,Bolivia
Tyler White,699-24-9273,sjackson@example.org,001-334-952-8899x921,Bangladesh
Carolyn Brady,322-47-2169,samantha52@example.org,470.446.5739,Cameroon
Kelsey Watts,797-44-4618,nward@example.org,258.949.5524,Turkey
Dr. Melissa Orozco,324-56-9155,angelahammond@example.com,001-956-713-2402x5670,Barbados
Andrew Jackson,837-27-0265,duncanmark@example.com,(447)291-9161x41310,Micronesia
Christopher Myers,857-12-2613,john87@example.net,8857286490,Korea
Vincent Bennett,477-62-7019,fordlisa@example.org,001-243-554-8031x7513,Canada
Jennifer Gray,755-62-0134,tracy25@example.org,769-322-6851,Guatemala
Ann Hayes,364-96-7467,wtorres@example.org,(975)630-3059x9678,Latvia
Leonard Ford,385-92-0262,nburnett@example.org,459.226.5440x3558,Ghana
Alexandra Lindsey,860-53-3610,pbaker@example.org,2409756463,Kyrgyz Republic
Mark Tran,564-59-5551,trevor30@example.net,+1-527-265-4581x541,Andorra
Sarah Huber,589-74-6889,susan50@example.org,+1-789-467-0167x690,Fiji
Michael Nelson,287-14-6899,susanwilliams@example.net,001-237-803-5819x7542,Monaco
Joseph Moore,264-65-7936,ryandavis@example.net,5746387253,Holy See (Vatican City State)
Mary Green,762-62-7655,tamara63@example.com,349-561-7060x70439,Djibouti
Nicholas Allen,384-58-0992,mpierce@example.com,875-943-0554,Portugal
Jason Johnson,866-80-1360,murraywilliam@example.com,737.697.6137x5535,Turkmenistan
Matthew Rosales,602-94-2198,pmelton@example.net,897-441-0499,Bangladesh
Micheal Johnson,005-26-7202,carol14@example.org,866.707.9574x012,United States of America
Jason Ryan,506-87-0073,myu@example.org,(664)291-4732,Croatia
Anthony Roberts,881-89-5027,dana62@example.org,776-837-6102,Venezuela
Eric Baker,833-48-9869,hendersonlauren@example.net,926.297.2507x905,Serbia
John Andrews,144-11-5544,christopher72@example.org,493-532-3525x088,Reunion
Jackie Dudley,083-06-9631,mharvey@example.org,(474)547-9925x08607,Sweden
Brenda Roach,503-31-2831,sarahpoole@example.net,(565)826-6040x523,American Samoa
Kimberly Schmidt,002-49-0655,sheila95@example.net,(749)526-1109,Papua New Guinea
Edward Brown,565-50-6417,nbarnes@example.net,001-599-667-0648,Taiwan
Crystal Douglas,104-99-8996,rberry@example.com,001-971-891-2335x34664,Sierra Leone
Maria Jacobs,445-51-9138,ronaldcaldwell@example.com,001-520-446-3949x25836,Congo
Kristin Johnson,600-11-2334,sandovaljames@example.net,001-404-289-2590,Falkland Islands (Malvinas)
Kevin Webb,168-10-5141,greenerica@example.org,001-994-504-7951x868,Turks and Caicos Islands
Stephen Mcguire,184-04-6638,michaelcarroll@example.org,479-330-9701,Netherlands
Alexis Black,401-13-2055,soliskathy@example.com,(277)978-4490x35125,Marshall Islands
James Maddox,211-30-1553,jessica01@example.com,2437326064,Canada
Rachel Hodges,730-64-3640,rgreen@example.net,856-410-8975,Bolivia
Tammy Garcia,765-14-6273,rebeccaowens@example.com,9814166358,Kyrgyz Republic
Mario Hansen,290-91-6610,shelley04@example.org,424.206.5562,United States of America
Karla Oliver,502-81-0837,cisnerosrhonda@example.net,705.421.4598x44478,Philippines
Brett Stevens,200-82-4007,andrew03@example.org,239.957.0372,South Georgia and the South Sandwich Islands
Amber Larson,273-41-7238,calderonmisty@example.com,+1-848-403-3904x073,Bangladesh
Susan Kemp,585-70-3273,fordsandy@example.com,001-590-692-1122,United States Minor Outlying Islands
Peter Sims,259-31-6946,navarroshannon@example.net,+1-206-860-4230,Syrian Arab Republic
William Conner,354-78-5433,johnsonmarcus@example.com,389.377.9864x137,Botswana
Justin Henderson,469-04-9574,juliaerickson@example.com,220-641-5163,Korea
Alex Adams,433-25-5632,michaelwilliamson@example.org,+1-954-776-2275x18489,Guernsey
Chelsey Marks,233-71-2537,jonesjessica@example.org,001-237-417-2090x62426,China
Pamela Salinas,391-23-9921,wanda96@example.net,(793)275-6373,Chile
Todd Davis,772-14-5670,tylerpineda@example.org,001-754-469-3854x87550,Zambia
Christopher Reynolds,580-74-9505,nbaker@example.com,(732)882-5152,Portugal
Christopher Jones,709-03-1767,dana57@example.org,+1-323-661-8527x17090,Belarus
Erin Robinson,661-07-5912,charlesmitchell@example.org,7549328740,Kiribati
Mark Mcguire,620-63-4944,oholloway@example.net,(217)914-4385,Niue
Tony Adams,831-96-2227,katie88@example.com,710-230-1835x9123,Bermuda
Jill Williams,667-22-5740,khernandez@example.com,(793)832-7238x945,Niger
Lacey Gross,899-06-5731,wallison@example.com,780.204.6310x87465,French Southern Territories
Lauren Wagner,316-17-3655,daviskevin@example.org,+1-250-399-3934x1766,Yemen
Mary Sharp,297-86-4457,william24@example.org,001-951-202-8269x83434,New Caledonia
Martin Morris,581-13-4251,wesleyphillips@example.org,(949)597-9079x2878,Sweden
Carlos Day,521-68-3313,kristen75@example.net,+1-878-916-0610x65392,China
Jennifer Levy,602-49-8449,theresastevenson@example.com,(643)396-0112x54921,Guatemala
Ryan Green,370-56-4377,regina38@example.com,674-546-5385x31766,Falkland Islands (Malvinas)
Laura Lin,834-29-5619,lgill@example.org,+1-431-441-1824x896,Kyrgyz Republic
Susan Chambers,554-49-0369,abbottapril@example.org,+1-806-710-5037x4176,Turkmenistan
Amanda Dyer,426-19-5980,laurenmclaughlin@example.com,+1-503-625-7444x5551,Dominican Republic
Heather Allen,272-06-4723,hnguyen@example.org,+1-544-495-3855x58911,Peru
Samantha Reeves,033-45-6114,vincent54@example.net,+1-320-390-9041x7059,Sierra Leone
Dennis Smith,273-47-5624,michelle03@example.net,(641)220-0944,Spain
Michael Gallegos,531-07-1039,alejandrohenry@example.com,826-800-4994,Morocco
