Name,Social Security Number,Email,Phone number,Country
qHUeFRkvrnGY,gWp3xMtKrx4,example@gmail.com,**********,Estonia
EU4cUGWANO9UN9FRO,XDaJ5F7ZNpc,example@gmail.com,**********,Slovakia (Slovak Republic)
YcBjzxjr9LhoHz,ICtIlpxOUfP,example@gmail.com,**********,Palestinian Territory
FZcQixWd0SJ,nhhASoQywb0,example@gmail.com,**********,Ireland
9S7fJypqLv,MBiuyfouZDo,example@gmail.com,**********,Saint Lucia
SimmbMCbpAsa742Lwn0,nwRF8WVm3zh,example@gmail.com,**********,Malta
dXjHUJvfk8K7,SttNmE1WPE4,example@gmail.com,**********,Somalia
zJi1cFkhwFRCaY,g0ZoboIVX7i,example@gmail.com,**********,Burundi
YQaJiwpyoFeg,OmM00TDjBAr,example@gmail.com,**********,Tanzania
JkBgHimVsQIPEbY4I,MsLVUUGy1nm,example@gmail.com,**********,Cape Verde
2A7Eo3qiqIV24wpj,hqjupnvs6xz,example@gmail.com,**********,United States of America
YiMcSCD5VGP9PlOzK4Z,JPFUGmMx6YZ,example@gmail.com,**********,Norfolk Island
rtTgHAy0DKdhhjzosS,dJzEJWDPMNP,example@gmail.com,**********,Cocos (Keeling) Islands
Zdhj6FeUBpbtKv,ni56kwaeRJC,example@gmail.com,**********,Iraq
ACaU4tpODJ5UL,Vh6hW5QDAge,example@gmail.com,**********,Seychelles
kfPhFSHSxda6VgJ,kdiCdwIXa11,example@gmail.com,**********,Iran
LLQXXJfWIl,EZ86Mf9151J,example@gmail.com,**********,Guatemala
zQUVbwh3h7nk,NEtcuwk0NsE,example@gmail.com,**********,Netherlands
PPTDnyOTbQGTq5lT,nSGx59caj5e,example@gmail.com,**********,Western Sahara
gNcX14oHph94ZMJr,TJn9RwhMoLw,example@gmail.com,**********,Serbia
BsmuZIxSZFDEk,2vpDaVcY2wZ,example@gmail.com,**********,Kiribati
R4flaFHFoylj7H4oJj6ieg,q8w9cKYAtCK,example@gmail.com,**********,Heard Island and McDonald Islands
aJq5jGIrOV,Aopf24TSKlf,example@gmail.com,**********,Suriname
GmLL04WIKedjL,2rdOMNhLzyY,example@gmail.com,**********,Tunisia
BDMtFZO6E73Umw,Gjr1KVl7Unn,example@gmail.com,**********,Portugal
oxgmNBF3TSDI2G,C1KPQZg4frZ,example@gmail.com,**********,Korea
HwSdd6j18uH2ACB,cP37AHjI9Jn,example@gmail.com,**********,Djibouti
vqbU0CjcQt17,C1hikZ4izF6,example@gmail.com,**********,Greece
qLxhpGbzgjl,dchMChsz313,example@gmail.com,**********,Venezuela
CzxuFpv0cCsaTT,EKwJl8jxtbr,example@gmail.com,**********,Papua New Guinea
jBxkkhvKV57HL,n10dhtmUAkr,example@gmail.com,**********,Thailand
DACttW2tkF0,4gHoqH5cnAU,example@gmail.com,**********,Turks and Caicos Islands
KNKBxpzx9jynq,VtbEES1sh38,example@gmail.com,**********,Montserrat
11Kdeb8PbwW0B,MNIC42Ds0vX,example@gmail.com,**********,Luxembourg
KOzs77vk9HZ0k,sdjQlMG24Vm,example@gmail.com,**********,Marshall Islands
VSZojLddeJ9Xh,EDAMcT46kNd,example@gmail.com,**********,Vietnam
Mt3nroTrn7CWD,0MyR49iwRtd,example@gmail.com,**********,Mali
VeqXlylp7mDg,J3d6kUNrn2h,example@gmail.com,**********,Senegal
HFzc15kpNcYOrn,ibmCIvfZFEk,example@gmail.com,**********,Sudan
8g2Ey7ZnmOcEqO6M,pNINoYvIvoE,example@gmail.com,**********,Andorra
McQ31ZGSHyR8ju,bq9qAXwjsv7,example@gmail.com,**********,San Marino
qDLrEgXPkgNxXl,UivBVSDHqlx,example@gmail.com,**********,Luxembourg
y9mAwTXbXGu,fNwiBlAfSbj,example@gmail.com,**********,Canada
AhjQcmAtpaBwV,FJXUtDI5gWJ,example@gmail.com,**********,Gabon
bN2JTQrHDUo,7XWT2FGt4PC,example@gmail.com,**********,Mauritius
jRtnVOU7PYlJy,BBfnYtIbbpx,example@gmail.com,**********,Jersey
m4sbn8fws,5T1VvcTa8E5,example@gmail.com,**********,Malaysia
dUjYpz2A0SyncW6D,11pmuOwgT6a,example@gmail.com,**********,Mongolia
mEv8XTBS3ZtstR,MBe5m5fzXXt,example@gmail.com,**********,Djibouti
B8SpIV7k25I,ov0VTPeJ7tB,example@gmail.com,**********,Korea
NA5FvZlrIJhCHGH,BfQ5KZ5vN46,example@gmail.com,**********,Saint Vincent and the Grenadines
oTm3eVdG8TsrHbnQ,BWquye1bEyj,example@gmail.com,**********,Gabon
RNzwv7L5Uh,XmsYy3Lu5jp,example@gmail.com,**********,Montenegro
NpriukRzGM,dH2GTmLUQRG,example@gmail.com,**********,United Arab Emirates
XzFx3vRaap,w4Xqx28raXq,example@gmail.com,**********,Tuvalu
H1MpwzZXFkqv8,2Pr5ixXMvJD,example@gmail.com,**********,Chad
kSd1We42e2Ms,8psV0al7KE1,example@gmail.com,**********,Guinea
rmpJlCjoAhHKD2qa,8naiYHYpGfu,example@gmail.com,**********,Liberia
nIXuw9UMdFAp,NQ4avEC1f0J,example@gmail.com,**********,Mali
mui3fiBTEacnQrVW,u2aObwh3TQR,example@gmail.com,**********,Congo
RFZOis7gEZPIAF,ThjwewOd6XQ,example@gmail.com,**********,Brunei Darussalam
0j01F7zXWSG1fQf,dLqTpCK9BBj,example@gmail.com,**********,Korea
yfs5O8Jp0CeA,tf3OdQBNx1Z,example@gmail.com,**********,Georgia
GvBiIK5a3UCQJ7DgJ,TFc0ngvYplC,example@gmail.com,**********,Svalbard & Jan Mayen Islands
bWltQzXnBhQyO4,MbGxLznPJGI,example@gmail.com,**********,Georgia
SYaqlDi5Op,0X8QhWXyXhT,example@gmail.com,**********,Bermuda
eCrDvks91lab,UMVX7HdV7Bi,example@gmail.com,**********,Lao People's Democratic Republic
Au2Xo5SkJ75G,ZWWWfCVJ5IG,example@gmail.com,**********,Sudan
ZetreBwkYKR69Kz,iXyX3eQ3NVw,example@gmail.com,**********,Togo
jsag1GpUJCKQbQTNm,CLljSco0F1W,example@gmail.com,**********,Saint Kitts and Nevis
Ou4IxJ18VvLVq,IvZUCTOXo1Q,example@gmail.com,**********,Czech Republic
6ePIDUfl8,smic7nLILpC,example@gmail.com,**********,Mexico
Y9bp8AdVeP,f5FLmoIBIwa,example@gmail.com,**********,Sudan
55lQIV8AYknMMZ,9aF3GhPStCZ,example@gmail.com,**********,Denmark
O3to15b9p6Zt,NzNNomg9cIr,example@gmail.com,**********,Denmark
CH8pCLA2HGqAwZ,peMocPL7GAc,example@gmail.com,**********,Venezuela
b6PcHQWuq6,sibqAlnuYlr,example@gmail.com,**********,British Virgin Islands
LDZ7eEQKK3gRe,UH8RlMJxxk2,example@gmail.com,**********,Bhutan
4y1fLt7uSYYwo,tuJqH7KbYwq,example@gmail.com,**********,Hong Kong
5nRVMlYY2jo,XKmVEkKUL1B,example@gmail.com,**********,Gabon
7J6ML4d5VvFGI,ZDKTaZa4Zpg,example@gmail.com,**********,Germany
v6SD6bEJzIwlPb0E,UXkZhG4KSgY,example@gmail.com,**********,Bahamas
SUsFZyXs443Fwe,BpxM3meUKwo,example@gmail.com,**********,Fiji
jI2rUvjD7GEE,8FmAVxak0BI,example@gmail.com,**********,Korea
1bGbSophTXk,EYM7gmRCoNO,example@gmail.com,**********,Faroe Islands
JEauFYzM6U6,QAtqE5KQWAu,example@gmail.com,**********,Saint Martin
cyEyA3wJIu,3QQnSo13qvH,example@gmail.com,**********,Croatia
SBjFl9ZDCVKO,udMquKpvH5a,example@gmail.com,**********,Mozambique
frJprHtl8VXG,YTmNQZ6ekhV,example@gmail.com,**********,Bahrain
960mwF4b1pg,PaJPyfntHxf,example@gmail.com,**********,Iraq
YnzrRmKInKDg,nJRvJQNBUU9,example@gmail.com,**********,Eritrea
jx64I26AL2z5,HU7qhnuBNJw,example@gmail.com,**********,Pitcairn Islands
6li0ii66AoPQTU7,1KCnBZg6KMT,example@gmail.com,**********,Ukraine
ycMxBW5SicgI,AWNTMR8KqyR,example@gmail.com,**********,South Georgia and the South Sandwich Islands
evbPo37J6NSaO,L9IQ9yNjt6K,example@gmail.com,**********,Papua New Guinea
VLPfvATnJZmU,LnS8Fa96vlR,example@gmail.com,**********,Swaziland
rbn179AkXvIzYl,os6JU2jzdeV,example@gmail.com,**********,Armenia
On8msdTVUgrpq,VZ97rU3uzqL,example@gmail.com,**********,South Georgia and the South Sandwich Islands
gbpXh5EUiQk8u,DyHrWzFlOaB,example@gmail.com,**********,Syrian Arab Republic
lee5xARiFIv,etR10SYII9s,example@gmail.com,**********,Nicaragua
NBk84g2P9QY55,HDDqzHMcow7,example@gmail.com,**********,Congo
mxQiwkMrwsgwMD,6UvfHBMWNUj,example@gmail.com,**********,United Kingdom
EESRPSRJYyzgxS,8rZ8NwmRFPV,example@gmail.com,**********,New Caledonia
ahlb514qq6CXu2pz,6w3N8gBUzsq,example@gmail.com,**********,French Guiana
d2g7zHbcgqOv7,yaPajpF1K45,example@gmail.com,**********,Saint Vincent and the Grenadines
TKEgu2SoLWPRE,H3Fxq1Nev3W,example@gmail.com,**********,Saint Lucia
vccajXQArds,TwhQyC9gNM0,example@gmail.com,**********,Mali
J4zx7v9Z8DooJ,sU95TMWYeee,example@gmail.com,**********,Croatia
rgJIfzJtCIzmrG,68Hoqrid3iy,example@gmail.com,**********,Turkey
12geK7x9Y01FI09,DqNRvPWhoJd,example@gmail.com,**********,Suriname
oKf16Raq,LIeOJhZgvwd,example@gmail.com,**********,Saint Helena
jAxsIGbKObALzE,O1iJMSCE2iF,example@gmail.com,**********,Vanuatu
jKLOCP61JxCW,cQheFen8p1S,example@gmail.com,**********,South Georgia and the South Sandwich Islands
A5USx1TtlUpR7h,BB87F8LWl5b,example@gmail.com,**********,Eritrea
Jvf4r7kZb6iU2rh,DsaKprM8iaL,example@gmail.com,**********,Lithuania
B7LbMl98tEy,UKxsEdEy7LQ,example@gmail.com,**********,Colombia
tByJ3TjXHdtK,GiYt9Lqn23Q,example@gmail.com,**********,Holy See (Vatican City State)
g3Fndzj5s7CY,c58YfprO3n9,example@gmail.com,**********,Tuvalu
Y2SRnAwBAf2,rZYSq6NE3Lb,example@gmail.com,**********,Comoros
Ucg0MD9GBWa1,a0rXUCKHsaj,example@gmail.com,**********,Christmas Island
VD7gIyIZa0y5LI,sHupdb0UgZg,example@gmail.com,**********,Guadeloupe
RhgyS9WgJIr0iH,vPvMtCaDQ5m,example@gmail.com,**********,Central African Republic
IuqTXrmpj6Tfh,EEaDIbnfGgh,example@gmail.com,**********,Azerbaijan
dv75L9OZWCxs0EFT,mYGh24uq68d,example@gmail.com,**********,Saint Kitts and Nevis
ENMSyklM7C5ni,aPpGKmzwMeu,example@gmail.com,**********,Lithuania
9O6MfjwjZmpQ,xD5T8m4ARHB,example@gmail.com,**********,Mali
fCartf0Wg3YV,nA38IXLoYBS,example@gmail.com,**********,Fiji
EeKB189GphMrrmLqQG,vcAANgo9CRa,example@gmail.com,**********,Brunei Darussalam
v87JH7OI8Z,luiuZbzXGiX,example@gmail.com,**********,Guatemala
w1yRpDqrfMXwyDw,wow1zh3LbpR,example@gmail.com,**********,Bouvet Island (Bouvetoya)
KA0qkfzmP2rDN,Qk3SBeOkzD4,example@gmail.com,**********,Central African Republic
OlxuckPLJBanCQY3,yZPfhJ6W0L6,example@gmail.com,**********,Chad
uvQHSgDK9tW2,jwYhMQKvIDg,example@gmail.com,**********,Samoa
4EZy3Lg7arI3NJQK,EwBMtjJnJe8,example@gmail.com,**********,Netherlands
LE4kZfuDiDdd,li4vU260VFV,example@gmail.com,**********,India
kPudYP8ZyU,jHDluM6itnj,example@gmail.com,**********,Jordan
tiBJk3XpVdxZl,RUPK633Aw9c,example@gmail.com,**********,Brazil
val9NjITTmqC,2up6kvJAvVI,example@gmail.com,**********,Uganda
3qoMN1ogudvVGGfetM9,5bXHukChmMU,example@gmail.com,**********,Hong Kong
r53cCJ0tGQr,hke5knTHIX8,example@gmail.com,**********,Kyrgyz Republic
vYvlytlCPJ6BE,AQE4y9TR2lN,example@gmail.com,**********,Belgium
eA4KQ4FVOTX,lvvipyUpWRO,example@gmail.com,**********,Slovakia (Slovak Republic)
Yx6Tz6FI8wF1z,HmJlSytobjH,example@gmail.com,**********,Suriname
2dsl50Wuues0w,C5yUK8SX2mf,example@gmail.com,**********,Mali
1y55TuP5sRvWbFP,wfCJJkWlB4u,example@gmail.com,**********,Portugal
XXAbkVKDtlPfE,8JYuxNd6IJY,example@gmail.com,**********,Iceland
hi3NOBtEWeP,TUYrm9smJ3A,example@gmail.com,**********,Papua New Guinea
dfNMysEsg5WrW,CyDsK60icPh,example@gmail.com,**********,American Samoa
KnMqivbkYQ1UGUr,5CweWxCUDV9,example@gmail.com,**********,Vanuatu
7ILVlAsQwb8Tox,gPd2IqLLjUM,example@gmail.com,**********,Lithuania
ngRwtdWK759jXp,8CY2N5ixG9q,example@gmail.com,**********,Mauritius
4KgzHJLcvzX,enz9l7dEC8B,example@gmail.com,**********,Japan
1p7Y9a8bbn,zeeFHJ2fqaX,example@gmail.com,**********,North Macedonia
ZnCrV5PuTwEBZ,TJ8SQwnafbi,example@gmail.com,**********,Honduras
l0W976mewJ6cuII,CuvTyEYo0Jf,example@gmail.com,**********,United Kingdom
YL9H13OOqgrn1,ZdZ6kWdUeCj,example@gmail.com,**********,Senegal
LPim95y0C8NOukIjR,CSPw96xISpq,example@gmail.com,**********,Timor-Leste
62eaindPSxwc,clo1bAU2IdW,example@gmail.com,**********,Australia
7BgEZH2qWNFOAS,7yGGC2i2Cs7,example@gmail.com,**********,Bahamas
TuV1SOTFtHvbw19,trCWwY2Wf3S,example@gmail.com,**********,Norway
68liBHCdEsLgxHcz,ktQMVMiRKji,example@gmail.com,**********,Saint Pierre and Miquelon
f3mAULjgVedWhe1gcyr,eFYjbxjo9dd,example@gmail.com,**********,Gabon
F2ZjDW9bQ,NHHXxOtJjAQ,example@gmail.com,**********,Turkey
e46wCeIJfQh7d,gvXTw2qjxwd,example@gmail.com,**********,Kyrgyz Republic
Nj9mVpD8mkRGz,H7EHCh8ppQe,example@gmail.com,**********,Saint Kitts and Nevis
cdl8u1wxTwPo,R2CoUbNg7bx,example@gmail.com,**********,Lesotho
QkhiYyNgFJ,pjSQryYdtmA,example@gmail.com,**********,Philippines
Iy4323PkUofK8,o99fiSlYXI8,example@gmail.com,**********,Jersey
nlC25pAQJN9m4x28,PajwgHPwNHS,example@gmail.com,**********,Zambia
XoFTqRUWYBnf,j3kl5t9voNP,example@gmail.com,**********,Bosnia and Herzegovina
aXGRg3jlBRdjH,jNOjRcxCQOy,example@gmail.com,**********,Barbados
FcQHEF44J7DTu,jLLLIAQBBj2,example@gmail.com,**********,Cook Islands
2EAxYd6YpfoRZHnZ,8aw88M4EN9f,example@gmail.com,**********,United States Minor Outlying Islands
GlfL2hFUr7,xTdptpM2jSY,example@gmail.com,**********,Comoros
k62MHC2yBnGiZ,7mJZOseeyFb,example@gmail.com,**********,Bahamas
7dKmCevN1bQuCK,8qfmr5NMJjZ,example@gmail.com,**********,Haiti
J6plyrxpGYDcWH,zUE1HVJpI3e,example@gmail.com,**********,Guatemala
0yGXsrVlM,KLJOTqEhNpt,example@gmail.com,**********,United States of America
tOCuxJlQx8S3xRH,fj51sOK00Qw,example@gmail.com,**********,Suriname
vxLd9rG3GLLcZitRdk1BG,mXzFonXM7D3,example@gmail.com,**********,Belize
YlyHRNjXhbCQ,Od5LKrGJQJi,example@gmail.com,**********,Micronesia
HhhT8bjhtAx,o7ecQuLGYb5,example@gmail.com,**********,Mauritania
2X4AmOs6HYYjs,PwaitbgWxp2,example@gmail.com,**********,Uzbekistan
WNXgFfS6r7d,COuzLDTWJLv,example@gmail.com,**********,Bangladesh
4TCQLJ5RQipg,swRlgRQAng2,example@gmail.com,**********,Western Sahara
oJxUAeKyZv,UY3R3kKPzuo,example@gmail.com,**********,France
KL5ny0AW2FreuSz,9eUAOsgpY1h,example@gmail.com,**********,Sudan
4x2updBKUNo7,btsiqEJghzf,example@gmail.com,**********,Croatia
ldhNbF21pkXJi9Ago,4m07DokajTW,example@gmail.com,**********,Holy See (Vatican City State)
k9XA07kSNlRSjAH,vuuKQj7kYc7,example@gmail.com,**********,Azerbaijan
SVlEqgs1RauK1hk,luLz4l2lRHG,example@gmail.com,**********,Fiji
fUzISSJdrqOKon,woH1sXPhMrx,example@gmail.com,**********,Cuba
va6ViXthCN37d,DW5jfCon4ot,example@gmail.com,**********,Costa Rica
7m2tmnmDunamHQGl,AjRL4YrUVtO,example@gmail.com,**********,El Salvador
OjV8AJ9DfO8jU,k26lPmpN8VW,example@gmail.com,**********,Saint Vincent and the Grenadines
t77YfXHn2PVY3vV695,rYFFMu3ab7p,example@gmail.com,**********,Djibouti
g0nImo1Nx2,ZvQbXhP9qm0,example@gmail.com,**********,Mozambique
uSJMoLMx0cd,CcFVcKMkszh,example@gmail.com,**********,Mayotte
Ie1H0okWcZDxfL,CArPssWFXw8,example@gmail.com,**********,Brazil
XskezW45WgXr,b7oxXKcMqX4,example@gmail.com,**********,Saudi Arabia
TdY1K0QWeYYGiVQC,bL5XVimogwE,example@gmail.com,**********,Brazil
gZZh883bT6h,UO5GspuBVCM,example@gmail.com,**********,Malta
NhtJ8ZC5D0q,rmXNl3GK6hA,example@gmail.com,**********,Isle of Man
bqbANPoLoIoWlQdg,fOKC3ksERkx,example@gmail.com,**********,Syrian Arab Republic
H39KAQBTRhHGn,xK5B48ch2LN,example@gmail.com,**********,Zambia
RuRh6pyJjZkN6qh,ZkpVqANbqnM,example@gmail.com,**********,Brunei Darussalam
xXsx7DrbZE,SmBHmQlToPR,example@gmail.com,**********,Bangladesh
M9D6muRwdYz1r2,wSNcUCqcatK,example@gmail.com,**********,Wallis and Futuna
Eo8Ae7ZzI2XFIl,zFzlNndVLq1,example@gmail.com,**********,Saint Lucia
WO5CZAnaDen,Ppp75YdeR9l,example@gmail.com,**********,Dominican Republic
15PeN3GBssgS,oCqo03c94Ru,example@gmail.com,**********,Tunisia
Gs6C1TmnSGlc,qyRiSqBHU69,example@gmail.com,**********,Oman
eRNYdx2xFFbVE,GzFFHFpk3bq,example@gmail.com,**********,Venezuela
a3H1X8POIL1Gr,QDxHbyVgwXJ,example@gmail.com,**********,Solomon Islands
moIMeSwj8t,Qs186UzGrmz,example@gmail.com,**********,Bolivia
1HJ0ZLp8jwrzX,0u5Y1VBsq7m,example@gmail.com,**********,Jersey
cpFLkVwPxmfXrqfm,DKZFh5hDqKI,example@gmail.com,**********,Equatorial Guinea
FCx9zi2mIRB,pmAXuyvk2cb,example@gmail.com,**********,Mexico
odJXhwDPKIiA2,kJddYiuFfTe,example@gmail.com,**********,Saint Kitts and Nevis
z1XMFdQpiGit,CCTkkg9uRJn,example@gmail.com,**********,Botswana
Nvr3o7Kk4A75w,N0WIQBcCx1P,example@gmail.com,**********,Macao
CVHB7EXLQ,mCJO1uDN3rl,example@gmail.com,**********,Saint Vincent and the Grenadines
gjrGkRxnE0rD,J6lHYtdWN9T,example@gmail.com,**********,Portugal
nSQl0FW7D,jwhyic2lyKJ,example@gmail.com,**********,Serbia
sqp7M8SJyQR,2xnyiZbqenm,example@gmail.com,**********,Seychelles
6PC6AxpnaaRnc8,DkJ9opX77vt,example@gmail.com,**********,Ethiopia
ZgipUfBYmOKGA0k,kGFTgmUt2t2,example@gmail.com,**********,Norfolk Island
LSh04h5sKVu4M8ab,jafojF0pRHC,example@gmail.com,**********,Nigeria
96zH7sssfw,JGzBwar1Xbh,example@gmail.com,**********,Congo
Ep0E17uMlVK,Oe8YPUX7xzb,example@gmail.com,**********,Ecuador
iRtEnTtzvnbprM,ZRZOezjAIL4,example@gmail.com,**********,Estonia
MUh8z4WXxK8W,4QJaz8vZUNU,example@gmail.com,**********,Venezuela
mG2JBPrU04avSntZ,794M0pIqwIK,example@gmail.com,**********,South Africa
vCYj1k5xh7nHfDicI,MAQJYmVXxxc,example@gmail.com,**********,Singapore
r8qpZXIStMU5P,Qq4JUglyTiI,example@gmail.com,**********,Svalbard & Jan Mayen Islands
dPJTibGgn5ML4L,SJ6lOMFb9ME,example@gmail.com,**********,Bouvet Island (Bouvetoya)
zU4mYSuFcGH,N68wm92t3ci,example@gmail.com,**********,Mayotte
sb7ErtDDAa6BFQLm,sXLgQLKBC5v,example@gmail.com,**********,Sweden
fBZhvX4gHrkCR,ewyZ8s47Brf,example@gmail.com,**********,New Zealand
XvBkGe2T1dudsd,i10nE1ETj00,example@gmail.com,**********,Togo
aB0PSw5xH6U8D,cW7k9D3lie5,example@gmail.com,**********,Central African Republic
Dgj8DUctKiCc6kVuPyQDqQ,qo6wkXKZYAX,example@gmail.com,**********,Svalbard & Jan Mayen Islands
hMuW5e5LWPlJI,Pe0HfFMmOAF,example@gmail.com,**********,Panama
kEoEkoQbtrGgK,zMS7FMcvIuL,example@gmail.com,**********,Saint Helena
v847fyWjmZODOpe,7AEe0ni9mt4,example@gmail.com,**********,Singapore
9CfWbiiiZxDKoash,IJXmZZ6O8fF,example@gmail.com,**********,Saint Vincent and the Grenadines
nUO43WOP6FN,Is2DFSxTN1y,example@gmail.com,**********,Mayotte
YyzoiRAZocTTI,FuxH8e04t6A,example@gmail.com,**********,Uzbekistan
dbzOTScUCMxb,dQUnlB5mJFr,example@gmail.com,**********,Montenegro
otBQXf9FPxk,euykdpCP5pe,example@gmail.com,**********,Guinea-Bissau
WDFRXJS39e,43nwFYiSxO6,example@gmail.com,**********,Pakistan
KwPEFVdvuvV1,TGPUJu9hMhD,example@gmail.com,**********,Bahrain
ol85BVuFiOg50Q,e05amzhh0LC,example@gmail.com,**********,Faroe Islands
hz51ys7uM2Ubgi,qw5SHRnezzg,example@gmail.com,**********,Lithuania
KvSBQk5B3vq,1UJcJCRAi4j,example@gmail.com,**********,Iran
ubr44jlm1pA,GgmT1RypV0h,example@gmail.com,**********,Mauritania
2jgQr0lyFFX3vF4T,J8uFZhKQE5T,example@gmail.com,**********,Chile
3xEbJd2PFl,jH7RCPLyz4f,example@gmail.com,**********,Lithuania
HWT03KN4bzv,5ZJjVhR6dNb,example@gmail.com,**********,Bahamas
viPzupqhoAbfEfiz,0FK0yo24LtF,example@gmail.com,**********,Mongolia
XZqWzoiARkSDES,6UOdK9w7k9R,example@gmail.com,**********,Tonga
5wi4Gb3mfHvO3,uNzmeTD8NeT,example@gmail.com,**********,Gibraltar
x2kXvRFr4erXDaWC,LueXOdtVS0j,example@gmail.com,**********,Norfolk Island
YyA2VePsbqMef,14U4zc8IRg4,example@gmail.com,**********,Vietnam
wVIBKLF4jdk,8bUi0fNhmRb,example@gmail.com,**********,Greenland
NjWL1WSa7Tf,HTm2WKfEqFa,example@gmail.com,**********,Singapore
rTTJNFGv2idTt,s5tZb34vDbe,example@gmail.com,**********,Latvia
MG0x8LfvSq,B0MHFG8LDKW,example@gmail.com,**********,Canada
Mxo9x73zW3TP1Yl,JhE4AzAydBI,example@gmail.com,**********,Taiwan
T1BXCh9l0CdYOH,sBlWiE04yUy,example@gmail.com,**********,Lao People's Democratic Republic
xXclT2XEoTgN,gXBivzkR4nk,example@gmail.com,**********,Iceland
9eLNdbqkbQzU75R,kOzeJzUBcF5,example@gmail.com,**********,Afghanistan
8x5eiW6KarKk8d,FVtpjhWZYPE,example@gmail.com,**********,Mauritius
8GZLvIoaisxM,gaMDIay8zNu,example@gmail.com,**********,India
ioWgZpgI8lg,yt09gqLeFuh,example@gmail.com,**********,Bulgaria
NvGAD1DTXhbx,mNdL7jSiGQs,example@gmail.com,**********,Hungary
Jp7MFkRjP,bvO89Pb9K3Q,example@gmail.com,**********,French Guiana
yt1xhG6YA2oozyNS,Rk4ihilS7Ja,example@gmail.com,**********,Colombia
PX0IIcJ8GzZPSY,wiayB2eQ6v9,example@gmail.com,**********,Oman
DWIthq4cRsWvP,CnLIaSxgA6k,example@gmail.com,**********,Kyrgyz Republic
01nfz2yBZK89b,naLZfLYaHPs,example@gmail.com,**********,Argentina
CG2kpk9Uuteo,vMcEx1rGQnh,example@gmail.com,**********,Panama
Gjp6WXd2P8Gg,oUztZPwNAAr,example@gmail.com,**********,Somalia
jJMHlfJzSeHNMYZ,nrdZtil2kgb,example@gmail.com,**********,Somalia
By0s1dDLNwnSOei8,EsgamyjGPYa,example@gmail.com,**********,Lithuania
mcra4eCWWUvh5DznD,bjNKSYZ0VX5,example@gmail.com,**********,Nepal
7rJXRD80N0kGWr,gkK46LB9mnT,example@gmail.com,**********,Cyprus
i1Vn5ae2zxc,mZRO6fMKk3g,example@gmail.com,**********,Andorra
9Ce7yMaIMR,2vbWIqocg7g,example@gmail.com,**********,Saint Helena
gWop6oQoMCOSnU,iWTsVQQnAOg,example@gmail.com,**********,Nauru
wZTrTB9p,y6AZdKbhIja,example@gmail.com,**********,Tunisia
7Euampj8DewqLwVJ,uHkQbUeqlHq,example@gmail.com,**********,Suriname
0lgHDu0GBkavpG7kAsxE,HminUpsFNno,example@gmail.com,**********,Zimbabwe
hbvEc7KcDFO7s,2ALOpVnyZQN,example@gmail.com,**********,Lao People's Democratic Republic
3hO3z4iSMEl1Th,XtG19OQKeoS,example@gmail.com,**********,Guam
M7e3OYPNDT9O3,qn1Iow06fIj,example@gmail.com,**********,Sudan
Dq07JnF4EIc,BdmHvHIpQsZ,example@gmail.com,**********,Cook Islands
cHk9k9AIol,SWAnYGNzIfE,example@gmail.com,**********,Christmas Island
Jl2pygXdwEme,gwtOhKWKQ89,example@gmail.com,**********,Guam
QmHnWslyJAPi3,eWgVl3z6Fhn,example@gmail.com,**********,Falkland Islands (Malvinas)
Y0X0cfCCQnNrWu,K3keh4IfOb1,example@gmail.com,**********,Slovenia
huV8SozRM425S,tL7YIIt6LZ1,example@gmail.com,**********,Marshall Islands
gZgVVJwDxIIn3a3qFA,CGdRwyR22gU,example@gmail.com,**********,Spain
jrh3CjdJCgo2f,DXDNa8M2LlV,example@gmail.com,**********,Maldives
WPkToFiGaSJcJkN5wu,4DF3P8RZZHv,example@gmail.com,**********,Mozambique
zkoPIUvDgXA0qjOv,8EsWtkVyr47,example@gmail.com,**********,Cape Verde
2FuJFXbaXr,TYfMkBxvqQS,example@gmail.com,**********,Saudi Arabia
DMaNLOVm4s6,KgGQRqeA156,example@gmail.com,**********,Guatemala
u9j3mJmFwTgPNJpz,Y99nUHPfIFV,example@gmail.com,**********,Malta
PuMhjupLwrCI,uI3wlZlRP1W,example@gmail.com,**********,Colombia
u5DLzrvOFvfcAQ,hKPd48YXLKq,example@gmail.com,**********,Marshall Islands
nd2O4iJe5qc,Tzb4EDucXbS,example@gmail.com,**********,Western Sahara
DqHhgaMYVec,DEURdRO6xE5,example@gmail.com,**********,Romania
sdrtVWjFt,ISuPo9zIj3f,example@gmail.com,**********,Peru
gtn45PBywK,1DgwiIgnkoQ,example@gmail.com,**********,Northern Mariana Islands
OK6XD0KazNxp8V,RlbkiMBDR43,example@gmail.com,**********,Slovakia (Slovak Republic)
gX1tiYPi0x,AIcwIddNmOw,example@gmail.com,**********,Norway
c9mX5lV5NIiZbH,cuw8r0E5ikj,example@gmail.com,**********,Panama
A4va7bqDIUVpLK,rARlgioN1j0,example@gmail.com,**********,Ghana
ybR9065kKGq,YDc1oxRfFvq,example@gmail.com,**********,New Caledonia
2Bxdw55HWnrVz,ZhHNTqMfHCu,example@gmail.com,**********,Comoros
WIrdRhs5XfKs,2OvIDQ1Uqaf,example@gmail.com,**********,Kyrgyz Republic
LUqxv5Lay670V,OxdbxVNag2D,example@gmail.com,**********,Myanmar
r4hp95HJPUi,14QBRhhvHsT,example@gmail.com,**********,Uganda
BHaOGpxf,5ODZFp2JAhh,example@gmail.com,**********,Cyprus
RSNDwGfqPowlV,ppTVC7HfDSa,example@gmail.com,**********,Greece
XoiY5oIvVBB4,Tsf0LPOS7vC,example@gmail.com,**********,French Polynesia
7sbtfk5BGNYDv,s8wc7lCW6cw,example@gmail.com,**********,Costa Rica
nPoMS2aIbodlZPD,n9Nx2OIGqcL,example@gmail.com,**********,Argentina
EDpQLIsgJJSsVhxs,OphmFctj3KP,example@gmail.com,**********,Rwanda
8wMHwwDlRqTT,yFLbAOf1FES,example@gmail.com,**********,Swaziland
2vx0CU92lgqBpVu,AljmMxKZTRU,example@gmail.com,**********,Azerbaijan
4UdlSiVsLcGn,r38beXMjVBr,example@gmail.com,**********,South Georgia and the South Sandwich Islands
EeGRYR17fh,UPXy2EFROkD,example@gmail.com,**********,Sao Tome and Principe
2yAVvOluepPOFOTTZ,KjZRb0KikVY,example@gmail.com,**********,Falkland Islands (Malvinas)
UKS3yGLfMFY,yCLEWQYdII0,example@gmail.com,**********,Russian Federation
Eu01J24cXvgi,c0BZOcHaMAr,example@gmail.com,**********,Afghanistan
aXIptVKmDKvWc,ZZRMt9Fvbwb,example@gmail.com,**********,Zambia
Zj0mGOqP0Z,NbGfISoe4S1,example@gmail.com,**********,Iceland
6EQMBA3PVP3J,gFXHp8jpCUt,example@gmail.com,**********,Korea
WVZAc3rVAYj,r5CtyZ37Su5,example@gmail.com,**********,Egypt
UzfikuGvx1tdf,z7LuvUaabqP,example@gmail.com,**********,Kiribati
ypedg5DNhaeT,olZgQJAkl0W,example@gmail.com,**********,Sri Lanka
7r8Dh2nRbSokVwkq,uWeLzaR1zWb,example@gmail.com,**********,Tonga
Zfoqsrv0DUc,WwnMXC1gRW9,example@gmail.com,**********,Afghanistan
92KhDWZYsBCzy,cn48Tkoq4N3,example@gmail.com,**********,Gambia
zElh4yuJs7k,cLyCSyXjDtB,example@gmail.com,**********,British Virgin Islands
PrdJo4ap0svDL,sdAJInwQhzs,example@gmail.com,**********,Thailand
x9IADlpqLXqhQ,eFn9IFSr38X,example@gmail.com,**********,Kiribati
VBHXeunxT4eqD,kimm2ifl6I7,example@gmail.com,**********,Angola
2b9Rx5UO4geNmas,jm2d5hNnhFd,example@gmail.com,**********,Cyprus
lgzC7G2FGBli1v0R3G,97kKKSRHCMp,example@gmail.com,**********,Malta
6L2xTaUaBQhoQxst,TZRs5mwQpYy,example@gmail.com,**********,Dominican Republic
C9Nyi5zsaP9Ok,T2b2ltEE45u,example@gmail.com,**********,Holy See (Vatican City State)
5UfXbz7GgRpwem,cC5PEEaN7fE,example@gmail.com,**********,Heard Island and McDonald Islands
LZfOUwvJbyHkWO,J27BjOUlF4p,example@gmail.com,**********,Kazakhstan
ldD8XiZga9N,cKAOUi7PMKu,example@gmail.com,**********,Gambia
uSkjIakIO,Vmp2RjYM7Lm,example@gmail.com,**********,Myanmar
ApooKCwv8Q,2trpxGMgFH8,example@gmail.com,**********,Greece
B3yoQgnBM5YsV,F6cfXjbWdIm,example@gmail.com,**********,Maldives
cwIn3Z6a6XoQYOc,86sz7xAZzTh,example@gmail.com,**********,Grenada
pPhRHtxi,3U8Z8JRESlh,example@gmail.com,**********,Guinea
dw1jzN7yyLZQH,rKuexy2m6Je,example@gmail.com,**********,Slovakia (Slovak Republic)
Qmanhmwri0KY0,iRWxhgYSkgY,example@gmail.com,**********,Namibia
t8ErjPs0C4c,3ZZzm9Iyt3q,example@gmail.com,**********,Greenland
IqdSSrQciskpm,4pxtm5Rxoix,example@gmail.com,**********,Fiji
lQBui4HPJwoWsu3HL,RhuwOjk5hgJ,example@gmail.com,**********,Tajikistan
xaeARTMqM8FO0Bg,EuhNjebItE9,example@gmail.com,**********,Bahrain
jk5vT6BIq2z,71F85ChH7CZ,example@gmail.com,**********,French Guiana
4hyrMmQWT5uaHx,vnAdMg6Wqr4,example@gmail.com,**********,Antigua and Barbuda
2CH4KuRbADoP,C9uC0axqmPM,example@gmail.com,**********,Sweden
QAp1sQBCeE,bLEwI4OgeZf,example@gmail.com,**********,Spain
4inkz93j5swcZ,euPqbZCdcvO,example@gmail.com,**********,Zimbabwe
Qngbqh60bm7,72o8zwLMzGQ,example@gmail.com,**********,Greenland
lHLNL6RukGOmN5,eIhMWyXkSAB,example@gmail.com,**********,Comoros
3NBGgg42Qd58,wIbI15GYSmQ,example@gmail.com,**********,Maldives
URCxqwGfDw4o,OzWCdICPIGP,example@gmail.com,**********,Saint Martin
qBuxAJ1xuTR,GGSeCEHmAOO,example@gmail.com,**********,Bahamas
hH2J2FxBr,0cSuw22L5HK,example@gmail.com,**********,Mali
C0WG2ZSv9fckf,43Jp2NELiIT,example@gmail.com,**********,Angola
wbWQZWdb81U,R91nov00Q3S,example@gmail.com,**********,Saint Pierre and Miquelon
C1vIPhJAIods,GUpFeLZ8qS9,example@gmail.com,**********,Gibraltar
kjTPkAyEXuXi0y4f,FzRjlMHz1Ul,example@gmail.com,**********,Poland
8akScBXFCTl8xZ,xVuEUSN3Y4N,example@gmail.com,**********,Peru
T6GvJPLQ8bu1UtZD,f98pl5n6wZF,example@gmail.com,**********,Uruguay
3xNLb3QWhmZN,QquwyRmwXNl,example@gmail.com,**********,Guinea
yOVYAxjOW2nkijqiZ55L,7RAfGn1WvVc,example@gmail.com,**********,Mali
vr0t4ujB15BMPuA,Xh4fgoJ5U9x,example@gmail.com,**********,Philippines
zb5v7CdYeWbr,qM53OOkipgl,example@gmail.com,**********,United Arab Emirates
SJLmXEITyfhh9YTp,Jz2UWsFxnAi,example@gmail.com,**********,Jamaica
z8eKodVEBbQd,QdZ5Rrn4pMl,example@gmail.com,**********,Cote d'Ivoire
dYtZOnhRt3,Zh622GNjUP2,example@gmail.com,**********,Vanuatu
VtZz9Eot6l3BY4,9cjmBSMumKN,example@gmail.com,**********,Timor-Leste
QhjSyjtMOCYQNio,PfdVcfVnsq9,example@gmail.com,**********,Antigua and Barbuda
09WEbxW25DlulHsO,YaaLrtrjCo8,example@gmail.com,**********,Chile
yy8E3Vohz64,V5qTtEooYcJ,example@gmail.com,**********,Panama
vhG2lEJb8p90YBtGG,G4g1NikSvRL,example@gmail.com,**********,Botswana
aQcWMr7Klp8,HVyq9tXalKm,example@gmail.com,**********,Israel
xLYundj9t3PP9o,MG98sq7fyZH,example@gmail.com,**********,Sweden
5V31hofkZv2S50B,PpvHkg5lawA,example@gmail.com,**********,Czech Republic
zWH0XyPJIXRr7,90mkWltX0xS,example@gmail.com,**********,Grenada
X1Yje1FQYtOW2,owEKHn6CnJI,example@gmail.com,**********,Korea
v8BWu8yYg2P3,HGYLdBvn3on,example@gmail.com,**********,Gambia
XkflzTstnUi6,zcJx4fsVhmX,example@gmail.com,**********,New Zealand
BU3KFDlZKjLI9LL,MiIjFebLwfL,example@gmail.com,**********,Turkey
oPK3t7YCs0gUGZ,GAfEkPEz7A0,example@gmail.com,**********,Dominican Republic
4u29UvGj7nKp3,nE9sD1a5nnF,example@gmail.com,**********,Netherlands Antilles
fcok5BBvGE,dyONghVHDOq,example@gmail.com,**********,Bermuda
DTv3ieVO28wZx,BlIDtRPoFao,example@gmail.com,**********,New Zealand
2JCym0RA5,wJKI21IpVXO,example@gmail.com,**********,Belgium
CYpIOe5B7Arqh,sdC6B0ISM97,example@gmail.com,**********,Wallis and Futuna
YRSqry0AHlk42M,iQIAXj5h6xB,example@gmail.com,**********,Russian Federation
Z1jV7UV2E0Z,xBE3QOEVE12,example@gmail.com,**********,French Polynesia
9eFeotrMrHEbE,hSZg9gSlaGj,example@gmail.com,**********,Sudan
OXQxKXC2hBVnZ,U4R2uDFkP40,example@gmail.com,**********,Monaco
uDTYjm9ACI06,vhReysp6YN4,example@gmail.com,**********,Macao
IUgzKhIMDlFR9T,0AZZc6YZv7p,example@gmail.com,**********,Algeria
UQZB9fE07wVbmwa,IoVpYjlFOz4,example@gmail.com,**********,Singapore
jfJMfw2Nr0G54,HnMeEfTicNk,example@gmail.com,**********,Reunion
DJYhzQS6m0t,ncSQs5k0TEn,example@gmail.com,**********,Lithuania
USgqdQaUxSc,WWlbwDsJOeX,example@gmail.com,**********,Burundi
21D1bqyQfIC1,hU0InxR4qI6,example@gmail.com,**********,Antigua and Barbuda
9XYFJhmcSgAHdj,yjbDx0SCavy,example@gmail.com,**********,Canada
R7zK4eJ39,hVesxULuVpM,example@gmail.com,**********,Singapore
TvtDbU1SizGrnXNZ4,xEX9gvQ7juY,example@gmail.com,**********,Montenegro
vvHk4ne6yyNCpN,toVMlzBvord,example@gmail.com,**********,Brazil
HITGtXLWqt8rZPo,5LMMiBeiUqx,example@gmail.com,**********,Bahamas
5sCAaONfaI46PTl2tA,Vmaw1xTQqPf,example@gmail.com,**********,Bulgaria
6LPuSbY44k,1z1MY02m3hZ,example@gmail.com,**********,Dominica
00RsVWPYeOj,JCqnfA1m8LT,example@gmail.com,**********,Mexico
IqCZeimt42uiFVv,36djbFAhCXX,example@gmail.com,**********,Cuba
0r8Xzauekp,4xo544b7Ghd,example@gmail.com,**********,North Macedonia
EtV5xu5qI0R0UpTMiXDKpu,aI9TMNLihbZ,example@gmail.com,**********,French Polynesia
4CDcLKxNcIIeLkyBrOQ3xX,EhoHxRYzfBA,example@gmail.com,**********,Aruba
mcCHgO9OfZJK9cb,HjiYMjHIxcm,example@gmail.com,**********,Netherlands
xvG0T6TJ2JXmm,V0CrrWSLPU4,example@gmail.com,**********,Ecuador
yWeR821pUgPToTi,9pm5BUuNWWY,example@gmail.com,**********,Latvia
evA13g8D8FXO6vOzSHNw9,PMbQTJtT9pe,example@gmail.com,**********,Romania
wwgaqhqxpj5e6Nk,bxjDmtNy6pe,example@gmail.com,**********,Pitcairn Islands
sAPffPFKMjD5ci,5KWtbeVgsrP,example@gmail.com,**********,Thailand
QRAMc3mSu1oinC5,M4KQlcC7wfv,example@gmail.com,**********,Bahamas
hRhu8AhjNPOtq,xoFKSgHbwLW,example@gmail.com,**********,Romania
1zD9M1iZr2ekc,AQSyi2BNEIp,example@gmail.com,**********,Christmas Island
HEyyKHGQ2aF3m0QN,LQaCc5foZPc,example@gmail.com,**********,Macao
97S98cWRTOFN7nM,LkgEn4ZIbL3,example@gmail.com,**********,Burundi
xlI7c6f4JVOzc9tX,OTQWFMkRLrb,example@gmail.com,**********,Iran
MvzZJJFChW8Gf,0aN7dVPjl5j,example@gmail.com,**********,Montenegro
9NiYC0sIKBU41Nl3PT,pTe57YwZUDM,example@gmail.com,**********,Equatorial Guinea
IbM027IxJOBMA2,BlBAjyV5Cpi,example@gmail.com,**********,Malaysia
MABUfngSYy0jF0o,FAZLjsGynCR,example@gmail.com,**********,Bosnia and Herzegovina
v8krgvy7rnFm,aaJjbeRj2nJ,example@gmail.com,**********,Samoa
0SlloRQSt,2K75GtlrXCe,example@gmail.com,**********,Seychelles
XmYfJClNgzBbFvFV,9QCIFry3pRp,example@gmail.com,**********,El Salvador
dVM3t1tpyN8HW,yvplAiWkrI5,example@gmail.com,**********,Lao People's Democratic Republic
7g8CUiTkRE,sLqLsOktCHd,example@gmail.com,**********,Turkmenistan
y38nztBL4pD6,oQX5SZFZy5X,example@gmail.com,**********,South Africa
fAVGNy2b4do5OPO,bHk151hWLyb,example@gmail.com,**********,Vanuatu
ynv69umHeD7zxin,D8FcXOyRXmj,example@gmail.com,**********,Egypt
TCte8d97Swwps,c43ltru0U4g,example@gmail.com,**********,Guernsey
7LpjMnvoVG,ZRoSLag5Wap,example@gmail.com,**********,Indonesia
60ikSzho18dlIOyLo,ylIoiMBy4XN,example@gmail.com,**********,Mozambique
wrmqYaOgkr49Knz,OiVXUnpMc0E,example@gmail.com,**********,Australia
jVINxVGiPMqZX8,CioCPZ9dD75,example@gmail.com,**********,Cayman Islands
MJySJd7MHuvaL,v6xeS52R1DM,example@gmail.com,**********,United States Minor Outlying Islands
IoZSsrrj4ONbO,XN3CQliQI4U,example@gmail.com,**********,Saudi Arabia
y9eK4GIqVm,IoXviiFhyWG,example@gmail.com,**********,Norfolk Island
cyHgVChkRXW2GXrmFjOV,mjbAlLT5NCL,example@gmail.com,**********,Marshall Islands
GJ717zTLfg1w,CH2k3e4LrtA,example@gmail.com,**********,Niue
U3nQeH2QtEav,EcbnbHYQBgd,example@gmail.com,**********,Norway
RXWXbohRys4,lg76iv8UzsV,example@gmail.com,**********,Palestinian Territory
uLFd4Nfqwy6eMN,BnQFpXTzhBI,example@gmail.com,**********,Belize
eNrOQFuodDGHQn,xMXBdcW0Y7x,example@gmail.com,**********,Andorra
Ja6vAQi6XSRK9k,QzBAXh2T3zg,example@gmail.com,**********,Lebanon
fMZXYFwHKTspe,eGYmbTDTcSS,example@gmail.com,**********,Nigeria
fOIS2pIs05ve,lfNdG471iYK,example@gmail.com,**********,Sierra Leone
KprM4IwKzIufWO,h84nYUuotcG,example@gmail.com,**********,Taiwan
9F8NNdRQSok,n5oQvONyl3M,example@gmail.com,**********,Bolivia
8JyCA92kkcC,i9HS7Q9aQ4V,example@gmail.com,**********,Faroe Islands
Fc6hYEvVuhW8,DIYn7gnhLCd,example@gmail.com,**********,Tonga
HCUvi2shdEfF6RlX4I,ML2O0CG3SYE,example@gmail.com,**********,Georgia
YdwJC7rKTO93,SDm0NDpG1te,example@gmail.com,**********,Sao Tome and Principe
OxVAKqUai,K78GQlsRZtG,example@gmail.com,**********,Bahamas
EvIxkNZyV7Gb,cO7E2B5bYX8,example@gmail.com,**********,Hong Kong
3Tt22wFoVH,D7JUtoPne5c,example@gmail.com,**********,Haiti
pZgIRafeLBdQQ,jqyJkRjY1Hx,example@gmail.com,**********,Guam
d2Bmzg64RIAOc3,UlK77V8Z8Nu,example@gmail.com,**********,Puerto Rico
we3SZj8iPzsUF1,ggHpwiank16,example@gmail.com,**********,Bangladesh
bTe3NFzFf,LADfqJjGMpF,example@gmail.com,**********,Tuvalu
7QoTSidZTCm,rJV8wdELcyN,example@gmail.com,**********,Isle of Man
VrklGM60DYBpeky,oRU25oFJPI2,example@gmail.com,**********,Serbia
9k5EWrD7DoWzKE8S,ExxxWwU6qrq,example@gmail.com,**********,Portugal
JJHL3ZJFLn,nC2qjPfrLpi,example@gmail.com,**********,Saint Vincent and the Grenadines
YAuVTdxuZ27KoiON,ORSeymmI9xT,example@gmail.com,**********,Seychelles
FaauoiAxXEi6,rFhcQJGUBC4,example@gmail.com,**********,Pitcairn Islands
8J8W572WjIN1KOK,aoFHL99qwtG,example@gmail.com,**********,Tunisia
esl3rE7ppFX,X7rAU5MzebG,example@gmail.com,**********,Mali
zXM1IblspgzwV,qyCqIwySXKf,example@gmail.com,**********,Belarus
pAMjRwgxnE5u,ZBQx0rqnzsm,example@gmail.com,**********,Mauritius
WFlNEksu3JLyCK,BzSO7LZefC2,example@gmail.com,**********,Seychelles
dpSFpSYUsUDX,UYBYv1Ke05F,example@gmail.com,**********,Kuwait
afDYSOyshAUzu,swUxW2ejlWv,example@gmail.com,**********,Turks and Caicos Islands
vtRAIGgGDY,LsPchknhddH,example@gmail.com,**********,Panama
IkGdxDunkxJ6Hc,jczDOpWAZXD,example@gmail.com,**********,Serbia
eooXDWWd8GO,S8xLAoUie4r,example@gmail.com,**********,Benin
9sviF9bLADE,l9WWVRlO5xG,example@gmail.com,**********,Norfolk Island
Dtoa73aLxfMe,Q1QdeQqJCfR,example@gmail.com,**********,Vietnam
N5DN0OREJkEB,wEtQn6pGgnf,example@gmail.com,**********,Moldova
JctoCSeuywJ,hhPH8KWp0qZ,example@gmail.com,**********,El Salvador
CX0kGpBwz7,cTWOv38NwQd,example@gmail.com,**********,Saint Lucia
LwAKm5Wqf71G5oJvs,e3RZA9cSucw,example@gmail.com,**********,Congo
6vhwwHR2pWWZcIQg1gj,SnaFzzHkQ6E,example@gmail.com,**********,United Arab Emirates
FowlmAXFQA,GpXwjyZsWSZ,example@gmail.com,**********,Eritrea
xhoL54DarYy,52mpYM49RjW,example@gmail.com,**********,Gabon
IIymoV9GFrc8UM,qhmhSYhUZdX,example@gmail.com,**********,Canada
HhSyLKjaT,ZHwjEAJsAJv,example@gmail.com,**********,Vanuatu
HkUxRzSU5Mcl7ujaC,v8JWjH5nXgf,example@gmail.com,**********,Lao People's Democratic Republic
kL6annEYkCeQGhV,l0eUVL5gjYb,example@gmail.com,**********,Kyrgyz Republic
H6aU659J,IqW2E2k8VkZ,example@gmail.com,**********,Senegal
7pyjPpYGGFE,gAr6yN2U4fm,example@gmail.com,**********,Botswana
vwEJNN98minu,Rpd0RRTM46W,example@gmail.com,**********,Kyrgyz Republic
7dxFFTHBWG2b6,uBcaS0tdiVK,example@gmail.com,**********,Saint Barthelemy
0tbbRte9TeSN,levvkz1KF2T,example@gmail.com,**********,Georgia
R0vyTGfjOvUEb0Y,cke1bCz9rN5,example@gmail.com,**********,Guinea
C5drLkzLZ5ajT,rade3XG70Lf,example@gmail.com,**********,Gambia
CZGsRyge88jSYPu0,IE1TIO4sW5u,example@gmail.com,**********,Dominican Republic
zHoQY0UlAKIe,6gcvv9vfTAD,example@gmail.com,**********,Austria
Rrsg8YTsbZ6H1le3,tCJZFH5g5wa,example@gmail.com,**********,Cocos (Keeling) Islands
iEQLC8h2L9k,p9ApVSURKvS,example@gmail.com,**********,Burkina Faso
XFGYVupxnK3Prlzs7a,Obpq7q69amK,example@gmail.com,**********,Saint Vincent and the Grenadines
0fr6n7ArK4LsG7Pht,FGpTNVmdLX6,example@gmail.com,**********,Aruba
lgwPl1Wt80,5UOt7P7OvPG,example@gmail.com,**********,Montserrat
jf0WUnKbBEUmKs,9xSmkj4cagG,example@gmail.com,**********,San Marino
zX257gbPY7tjqxTzeYr,udtjrCBttTu,example@gmail.com,**********,Sierra Leone
DLwntzXPJxMU1kGM7U,2EubCzmqqHb,example@gmail.com,**********,Saint Barthelemy
oUBueTb11DyfooR,jb2XwAV0TFv,example@gmail.com,**********,Equatorial Guinea
doClpWZQRIAkA,lUpeRBbjUfM,example@gmail.com,**********,Gibraltar
uWV5Uuu8A41,UiX90zqrQdW,example@gmail.com,**********,Benin
AxsXhMW0EaSExs,J7mibVLVwJ1,example@gmail.com,**********,Mayotte
EQAbd5ihXOmE,kDk0nuEWBtE,example@gmail.com,**********,Italy
QubagoDOlbmpk,eFG3nlo5UqU,example@gmail.com,**********,Norway
IF8HqIWnyVb4BVY,8qckmhHxuqg,example@gmail.com,**********,Faroe Islands
z4iwEq9A,bef1yW2tcHR,example@gmail.com,**********,Mozambique
B4DJXGYoEptsR0X3,zS5VUafRhsi,example@gmail.com,**********,Malaysia
BYNgOwEDLFJnY,1GwBZYReOt3,example@gmail.com,**********,Antigua and Barbuda
4UdxfozublpZho,Xq3dd4cRmQg,example@gmail.com,**********,Tonga
ShOXePeVD0T,8B3w7Lzk36m,example@gmail.com,**********,Bouvet Island (Bouvetoya)
BpDxwoltu0Z6M,pzoa2mbM7za,example@gmail.com,**********,Romania
CiWdFfNzFF8IQuA0CaM,JC1cKmxh6fv,example@gmail.com,**********,Micronesia
1aKxYl76O3Xm,ONttVSC5fSR,example@gmail.com,**********,Christmas Island
EURkHnEGM2cyswrvb,7kxpJf3lGc8,example@gmail.com,**********,United Kingdom
9RYhoSDCOx2,HWTJYqvwnU8,example@gmail.com,**********,Azerbaijan
f2rDOfJcsFlF,jZYOI286zOk,example@gmail.com,**********,Brunei Darussalam
A5Wp0N6zql,fYPZww0UuTu,example@gmail.com,**********,Greenland
fAu0IUaB5CI,wn6sreRdsZY,example@gmail.com,**********,Samoa
ryN8VoCt3KC,H5Bbr3QNjji,example@gmail.com,**********,United Kingdom
naY8GCSXK67UL4,kkanwdkviMk,example@gmail.com,**********,Cuba
J3k9NFjExA5z,YThIQfuXRBV,example@gmail.com,**********,Saudi Arabia
V6tQJ9Fb8eLl,g0q6JVTaAQr,example@gmail.com,**********,Uzbekistan
amOJtublK6A4pxT,yf91IfdPSiS,example@gmail.com,**********,Japan
pzZ6juj03BuBz,GDDVeVRoKyT,example@gmail.com,**********,Heard Island and McDonald Islands
r9UEvcUz88K7AB,O8fXMazQGYa,example@gmail.com,**********,Christmas Island
EJ2HeQy6jZ3Vm58VP,Mtm68RUDnEo,example@gmail.com,**********,Australia
R6SNmYvK8mNq5,TcW6qaRxRPA,example@gmail.com,**********,Seychelles
3gEf0Tl2xOF06,FojeuqpxOfd,example@gmail.com,**********,Belarus
UAQyrYcztwzqtmP,2xgbhksxS7c,example@gmail.com,**********,Holy See (Vatican City State)
fI1FQYqrXyvCLGv,ag6ocIwOLAk,example@gmail.com,**********,Tuvalu
13P3L5H0Y8gwAT,um2UdjDUQNi,example@gmail.com,**********,Australia
IWfkoZ6HsdoFXM,SuqIdl8OntD,example@gmail.com,**********,Egypt
Ns9F21DmoBzh,qD4WeiNX86s,example@gmail.com,**********,Eritrea
nsFgPAxWAioo,pZnBgpfzFS6,example@gmail.com,**********,Denmark
GMgGpuOQLqUinbbQ,s1jz1tlGNN1,example@gmail.com,**********,Yemen
ENq5sCnPPAMQ8,PXEt4vh32dU,example@gmail.com,**********,Nepal
WMelJgOjse,6RWrGeRUhFO,example@gmail.com,**********,Norfolk Island
sfRCFq26ayGOI,s1UYnV9HVrf,example@gmail.com,**********,Saint Martin
qDFFGREGeR4o,Hxe0c45Du2X,example@gmail.com,**********,Armenia
YiVkhLZpFKJ74,w6V8UmTPLGx,example@gmail.com,**********,Tokelau
pFsHqdueHgW,T6rFq3l5i2e,example@gmail.com,**********,Netherlands Antilles
vP1OjpL6KlmAv,MVIFEKeeNPM,example@gmail.com,**********,Guatemala
YU8rmhbASBjg69q,oRJs7k4EFWb,example@gmail.com,**********,Sao Tome and Principe
bpEMJLwQOyW7sPN,P2z0Drn9mlu,example@gmail.com,**********,Saint Lucia
kujuM8H,KxvFR3GFH5j,example@gmail.com,**********,Saint Barthelemy
6xN5UnXiD3CJfFK,2XohtrK6s2v,example@gmail.com,**********,Georgia
YfoTsZ469Ud32RHb,MrYneGGCHuM,example@gmail.com,**********,Uruguay
6ljng2giR1GnL,64ZQQ3IitLK,example@gmail.com,**********,Guernsey
xFQi59ZIO3aQ,WBnF2Fy4LMt,example@gmail.com,**********,Heard Island and McDonald Islands
IC7ja2oQbavod,A36FuTi5vsQ,example@gmail.com,**********,Turks and Caicos Islands
zBRUu64F6DrH,e2HtfpxldDu,example@gmail.com,**********,Jordan
0A2PVTg72njE,jWbXgPwQfQX,example@gmail.com,**********,Tonga
nl9VdbwOc,IdM4JeVkubp,example@gmail.com,**********,El Salvador
OxjuGPZTGlVfFkxCz,2rUdte3W41Z,example@gmail.com,**********,Bhutan
AkAK8loBfH6no,kvJdOC5RXuW,example@gmail.com,**********,Korea
cnWMxuIFXH6Ax,MqyRuU8fan9,example@gmail.com,**********,United Arab Emirates
EHSILNAELu5St,a6OBnWdbKrF,example@gmail.com,**********,Marshall Islands
uGq3N503Xr3uK,Q7UF8VeAjKG,example@gmail.com,**********,Falkland Islands (Malvinas)
kS1IPYl9ecUHg1,wlz4B3qK2hL,example@gmail.com,**********,Bolivia
nje4OztzEh5LHUdob,0nl0hUD8hGo,example@gmail.com,**********,Mauritius
wCwWNnDo1L,ZDabbu9SXKC,example@gmail.com,**********,Gambia
n8ofwYsHR8l5Zl,bHejKF77FUh,example@gmail.com,**********,Saint Barthelemy
SiItzfd3XR744Wk,RODUxkijK6V,example@gmail.com,**********,Brunei Darussalam
Mj22OuJlEc,3sV7sdfT8br,example@gmail.com,**********,Cook Islands
vzo49UXxIvaa,yPjkuqRygNm,example@gmail.com,**********,Netherlands
yPOhzh33Qy4Q,AQIUfPNmD9V,example@gmail.com,**********,Gambia
vKwDCHVuwl3n,grpvzwWUm3u,example@gmail.com,**********,Turkey
9kvowwGKFOPSZY,04Ijk3jXthD,example@gmail.com,**********,Mali
LVIjP5PvQJb1BYj,nqZ1pRj6a4T,example@gmail.com,**********,Tuvalu
7puKfFq6E55S4V,KnYExdC9ICr,example@gmail.com,**********,Moldova
8yt3yZHBltjzFiOKJ,2vMebge0FCt,example@gmail.com,**********,Montenegro
3uJKILUwV,oUTdyODxsfY,example@gmail.com,**********,Syrian Arab Republic
zaQLvKgHw0icnVvH,PljGuge74Sz,example@gmail.com,**********,Mayotte
O8H8LNRG863gDM,W9Zsiw9w2Od,example@gmail.com,**********,El Salvador
59wEHgu6kmnqk4A,ACABmgwOBJj,example@gmail.com,**********,Guadeloupe
ilSHPORflnu9,jpuOkWW8xzI,example@gmail.com,**********,Congo
Pzbg5iM24Hmh,MlEVdO5gDMM,example@gmail.com,**********,Western Sahara
cWpgisAEJQGNks,5rqm0RPJDMY,example@gmail.com,**********,Norway
u8LRjuTDngQ,WBLtm9PauoB,example@gmail.com,**********,Saint Martin
oIdTQsNcN16zDVZh9,3BHioShnlRG,example@gmail.com,**********,Jordan
nTzocQGyQ2aUP,5dQiGotCyeD,example@gmail.com,**********,Bouvet Island (Bouvetoya)
2i8vuWOkH8r7J,xzUZFWRBTYw,example@gmail.com,**********,Chad
oXvioL5GcEZ,8NgLU4B6MPn,example@gmail.com,**********,British Indian Ocean Territory (Chagos Archipelago)
oCWy4jtkdSHnuM,qwQlcdUnkgg,example@gmail.com,**********,Hong Kong
FKL0SmzT0uo,4wQU35S2jPj,example@gmail.com,**********,Eritrea
yXvoQZucO,3XOQbaxccAG,example@gmail.com,**********,Sao Tome and Principe
mAVrsL9rNjmND,4e6cOv8ThDq,example@gmail.com,**********,Palestinian Territory
Wk02lzxtxQxl,Ci8gHElucKa,example@gmail.com,**********,Zambia
vh1aklALpG2K8E,J4Vl89mdYNv,example@gmail.com,**********,Belarus
RgjFEf159r,lZQK3RdcsWB,example@gmail.com,**********,Somalia
czrJkNH2ZyZG,NwF0BJmw2Os,example@gmail.com,**********,Maldives
elKL5QtdrF,LNhqlBq8tYx,example@gmail.com,**********,Bangladesh
KeGyJMrYlEONpkOF,n3J0VpxYAwx,example@gmail.com,**********,Holy See (Vatican City State)
hISYFXUD7V,gEHw3AdynQD,example@gmail.com,**********,Greenland
EzRY0WKCsp,CmmkLmMTwPy,example@gmail.com,**********,Turkey
hEBWDvvNUEw2jhRd,oR5n9Vfigof,example@gmail.com,**********,Cuba
BXGZbmLhM6,aAjN8DqNP6n,example@gmail.com,**********,Jersey
2ZYhuZ8VP,TVS8sMKio24,example@gmail.com,**********,Samoa
F0ThDVUZYkev,M9DqVreYOqk,example@gmail.com,**********,Bhutan
whSEWH3qpG,WAUOqnTrEs3,example@gmail.com,**********,Saint Pierre and Miquelon
svu7wp6BcoBeb,s6m3dAU3tCT,example@gmail.com,**********,Chile
LkbRJOPvpFmQ5j,R68Y8NpN1Gi,example@gmail.com,**********,Palestinian Territory
NhbXneUKiC4,OFScVMxei0X,example@gmail.com,**********,Mali
ZHU72SVGxS7fD,WK8bo6pSwPp,example@gmail.com,**********,Colombia
JufZwaKFg1c,YseJ4ARgkD1,example@gmail.com,**********,Turks and Caicos Islands
qOOL94tVSwMty,VyAtMhsYsJI,example@gmail.com,**********,Tonga
UTli1ntuzXZ9jv1LH,ueRz7bfC3Iy,example@gmail.com,**********,Cote d'Ivoire
sBC78ozwkbvG0ab,lnkyPpuXOvH,example@gmail.com,**********,Mayotte
7faaTB7nocD6e,STFznZo8gAy,example@gmail.com,**********,Namibia
zvCBJirGW9cFZ,ib0sQQ1gwX5,example@gmail.com,**********,Nicaragua
8fZE5OdzNA5OHS,5htDxsAPsq5,example@gmail.com,**********,Pakistan
GdWsI4OU66,GHM0f9cX9WX,example@gmail.com,**********,Greenland
6DDY3yYXuTo,DUbjbFj3AvT,example@gmail.com,**********,Saint Martin
wNYr04ApHQUVE,EEvqvnvqZSN,example@gmail.com,**********,Guernsey
7pldxw9TC4j9Gk,vDnEOvgE9Mx,example@gmail.com,**********,Korea
nn1ELmLp5ike4,sWnbr4BqUa2,example@gmail.com,**********,Cayman Islands
vo2BWTPZn0xyUtPu,7UKK7N9DhzO,example@gmail.com,**********,Heard Island and McDonald Islands
upJI2iwAuKSZtIcllyH,mjWm6b9D7JC,example@gmail.com,**********,Russian Federation
W4NPYkxTcWNsoW2,BYGYxMkZyVL,example@gmail.com,**********,Angola
dJuNPhU7rYyUEtluq,boASLv6fuJf,example@gmail.com,**********,Cape Verde
szohB7gWwr2m,HFiHy2KTLpn,example@gmail.com,**********,Tokelau
lFjIK3X165CEkbP2,uDdhJ5TNBib,example@gmail.com,**********,Somalia
z96TH3eMq9aFN9,Bca8J3WRudW,example@gmail.com,**********,Mozambique
TZXnnSdJTUqQE6,PBVfnjQsxkt,example@gmail.com,**********,Taiwan
NotVR4QKIfPK73Lp,9HFrMCOXoDp,example@gmail.com,**********,Indonesia
aXJ0cnBFECY8,qDsSmpNgb0V,example@gmail.com,**********,Bulgaria
7CXeBUjCVcJ5UIuN,tVpP1BQQ86L,example@gmail.com,**********,Guam
rwph4hiM2pk8D,uFWcy5L0s9t,example@gmail.com,**********,Malta
1UCsw3SfaOCn,x68vEowhvnK,example@gmail.com,**********,Guadeloupe
7Cfq6yPuiQGL8oQjC,E0FJrGAnO35,example@gmail.com,**********,Sweden
6RCiafl5gPNz,ZW8tmfJNJ7y,example@gmail.com,**********,Gibraltar
y5YFJtI1kXemcb,JK4MHpdRu2j,example@gmail.com,**********,Bhutan
fG9oIKIzTYB,xQEc9j9hS5J,example@gmail.com,**********,Ethiopia
ec4n8ZYysq4x,DCNzj9Pp5mC,example@gmail.com,**********,Gibraltar
2zafyHT88BxE6T,t1M8ygevY53,example@gmail.com,**********,French Guiana
L2V799hB7AiXl,ezHbqqPcZAX,example@gmail.com,**********,Belarus
oJfM1MJAssQtXLWk,xvl91Z1RYwB,example@gmail.com,**********,Heard Island and McDonald Islands
GzV394YZ70J,Pm5KPG9T02f,example@gmail.com,**********,Tokelau
sWIHiND5Ie48VcX,rjl7EW4cTnp,example@gmail.com,**********,San Marino
BwZGcBLlXtmYlt,inmd2Sd0G31,example@gmail.com,**********,Ireland
5vyqQvaJeWRO47,suAmKzKvtjD,example@gmail.com,**********,Cote d'Ivoire
Q38iBsScVAcgEv,xU1bcxBCQKB,example@gmail.com,**********,Uganda
ITsyAGGQqA9,XpMMWSmr2hr,example@gmail.com,**********,Cambodia
9XhJ2Uhkt00,gYJK2QK2VPc,example@gmail.com,**********,Pitcairn Islands
z2RymosqtbS59,jVg8wyRKAiZ,example@gmail.com,**********,United Arab Emirates
GAosKSKnhbfS6,PBOobN4xIAj,example@gmail.com,**********,Russian Federation
HVSjBKsOvl11McWBM,ofOn9eLqXIF,example@gmail.com,**********,Cambodia
t55rw9igxm4KC2,qSghUC6lP2p,example@gmail.com,**********,Romania
8xY5VXPyZjbND,Y1clUVAedkU,example@gmail.com,**********,Cameroon
xC3rImGtxolKxU7,mdHCdv3s8PA,example@gmail.com,**********,Libyan Arab Jamahiriya
FwaZd47U8UU,uVvTNGIzWRA,example@gmail.com,**********,Peru
ISjJv0qaVR,HzJpS7zDe72,example@gmail.com,**********,Niger
b6gMs7KQPxtC3,xv98hbRXhyT,example@gmail.com,**********,Turkey
MBNfFaj13v4Q,hBI4WNW9CvL,example@gmail.com,**********,Sao Tome and Principe
qYv4Y5uJt1,jXLnMdcWoPh,example@gmail.com,**********,Saint Martin
wFTSKuSOMekz1kdI,GbAtaCXhEsr,example@gmail.com,**********,South Georgia and the South Sandwich Islands
uUuEY0uRf6EkZ0,ghnmpGq2LLi,example@gmail.com,**********,French Southern Territories
RgyktLuln17,IyCgu9sXlyS,example@gmail.com,**********,Spain
QrqbQpwyDQE1,qPuXux4ezRo,example@gmail.com,**********,Ethiopia
ex5GIkoyfCGiz,MIHzJw0rzQN,example@gmail.com,**********,Afghanistan
c8wLIDop3Gn4eO9m,FYAsdxvMXjb,example@gmail.com,**********,Niue
vgPosq7iwjyIC,TfCNcZQXmdD,example@gmail.com,**********,Liberia
d4X4G6pesAisbjak,DWQuX1nzM2n,example@gmail.com,**********,Oman
krMGSC7QrpnEt,FmOhE6Wq3Ux,example@gmail.com,**********,Bosnia and Herzegovina
uIfn3zT7prDiN,vyPr9YzNtJo,example@gmail.com,**********,Cameroon
hwoDlE1UuQ0yxOg1uZ,YXcVR68EkOi,example@gmail.com,**********,Moldova
A2BussnlJSeUnvN,DLEvqpqnWx8,example@gmail.com,**********,Benin
rYDMF7DuN9E904M,lXS4NZni7pd,example@gmail.com,**********,Belgium
65WIKCl7bK2l,1DDatKICTAT,example@gmail.com,**********,Senegal
xtbimHi0zew3x,D8w4ruRREZ6,example@gmail.com,**********,Svalbard & Jan Mayen Islands
pAdczC4QtJgvQknG4E,TDnKXQTFwdl,example@gmail.com,**********,Northern Mariana Islands
JmJ8Q2a5zXPq6,cd7dFrveQBN,example@gmail.com,**********,Sierra Leone
dPloRFKgF9,hsJDM34Ta4F,example@gmail.com,**********,Congo
ydf4YAKMFK,qMXDthvoQbR,example@gmail.com,**********,Netherlands Antilles
7ZUDOdvv1qD35S,pLeVM6LpFx6,example@gmail.com,**********,Eritrea
8QgcqoGU6eT4h6b9,F9zpEMVa87B,example@gmail.com,**********,Peru
WsGFVgRrxdq,qesZ4gniJyR,example@gmail.com,**********,Costa Rica
O7MsfZfwEcxhXQf,HydlJU5Lxlg,example@gmail.com,**********,Spain
dr8aHucpkbhZtg,q5QGoEEsdxA,example@gmail.com,**********,Saint Lucia
zmNoD6cPyqh25x,mbY0qzS1kmu,example@gmail.com,**********,Brazil
OpBUSnRAXynhI,L9xWHeEaoII,example@gmail.com,**********,Kuwait
6RyXShD3YpGr,20KnhNotZsP,example@gmail.com,**********,Saint Lucia
M2lcYASmzPy35,nJ1HXHSjqw0,example@gmail.com,**********,Niger
lo7rtjG1xUlF3B,1GWFWiYbxGZ,example@gmail.com,**********,Chad
BrGRnJVRo8Kvjgj7TaPiy,9RQ8yx34U0w,example@gmail.com,**********,Malawi
po5FNRhzCZnZfRpM,eY2WYlIOc2v,example@gmail.com,**********,Christmas Island
jWstIcIL0mlq,S7wXxrYDXnh,example@gmail.com,**********,Mongolia
GAoNKIP6CIbHTtl,PMoxKaW2qlI,example@gmail.com,**********,South Africa
ad8yqfBtznOVyRHLgO,g2y5fStXBYq,example@gmail.com,**********,Zimbabwe
WTJlcegx6tuo,C8iHJvLj2pu,example@gmail.com,**********,Tokelau
Bk0oFEUj7698M5G,dhi5T8W7aIq,example@gmail.com,**********,Belarus
oGX3UbtvmoowvT,XQQItH7WeLT,example@gmail.com,**********,New Zealand
YPvXskDrIIMbb,g7f4RzFXq43,example@gmail.com,**********,Canada
fLZXWi4t9NmU,uxfEomnHO7l,example@gmail.com,**********,British Indian Ocean Territory (Chagos Archipelago)
ikrCnkKeuez,v0HRTccIQmS,example@gmail.com,**********,Timor-Leste
k5hjSeNJIDIX,BesW7KjeuYm,example@gmail.com,**********,Czech Republic
OUso1kxA99j8vS,nvZtEMBFS8w,example@gmail.com,**********,Pakistan
64DBywmpHKssE,LMRjQTTzyXC,example@gmail.com,**********,Indonesia
aPBZlup1Jfen06r,ysfJTlTUf2s,example@gmail.com,**********,Mozambique
7EUzdgvXekmW3,Jod12mVbEne,example@gmail.com,**********,Comoros
S32goP1L3LB7mZ,AkL992i2meh,example@gmail.com,**********,Guinea
pXz8bFf24TQ6L,1ZySTH2BWi7,example@gmail.com,**********,Falkland Islands (Malvinas)
v5Jjm9HzuNTEW,9xTDfcHetDv,example@gmail.com,**********,Latvia
AaigDRyJV,U1glvYIUox0,example@gmail.com,**********,Rwanda
MDeLKXzkkLn,8Eiq9g3SRfo,example@gmail.com,**********,Sri Lanka
p1jFXbSyRdP,FH5dfy4vTCf,example@gmail.com,**********,Swaziland
rg5N4x7tw9Mk,TKIrmq1CCTe,example@gmail.com,**********,Samoa
rYSFOjgTp6mXX,zR5vNqEe2WJ,example@gmail.com,**********,Lesotho
En7lKXKjMwPtl1,7cat1I3xZEY,example@gmail.com,**********,Haiti
E67kUqlG1RJTY,NPezgBYrQK8,example@gmail.com,**********,Lesotho
aF6ZQVxEmmLYt,crPpy0uTzSQ,example@gmail.com,**********,Sudan
wCRxXFrOaiQfV,IFleGlBvMLU,example@gmail.com,**********,Uruguay
6e55wBAzsT3P,Na01Q9mRDtD,example@gmail.com,**********,Tuvalu
0el00hv8Qxi,xNZV65h8Wok,example@gmail.com,**********,Botswana
w0NqNOnwetiWYdD,4BV7SfWwb33,example@gmail.com,**********,France
EA1BWdVqhImD,ImouAxtQjoO,example@gmail.com,**********,Saudi Arabia
4NF7Qj3X6G,d911IanZ3Z1,example@gmail.com,**********,Netherlands Antilles
QQqpYBdOAlVg,RpaM3UMwjxK,example@gmail.com,**********,Myanmar
7ghBJHLDAVTB,zUQtvXJN3GN,example@gmail.com,**********,Guam
o37QvU6sg,l56mxRXIRES,example@gmail.com,**********,Andorra
iZnJGqUN1sNpx,OTqgi1ZOeMT,example@gmail.com,**********,Italy
mHVuz5xpbHE8F,LJzSIvB5Aq4,example@gmail.com,**********,Guinea-Bissau
yaHPdNkziXouP,wzQFY50QwLE,example@gmail.com,**********,Malta
5lEBWfyqyr3NK,7ofERmhBC1h,example@gmail.com,**********,Libyan Arab Jamahiriya
fazKqojSOyFCk8,jpdZ74XjyN4,example@gmail.com,**********,Uzbekistan
L6jn6BE01Vg,wLlTwUAJMiW,example@gmail.com,**********,Bouvet Island (Bouvetoya)
SiJW4whPC2xSfzE5,Lz8FuwZlFPI,example@gmail.com,**********,Timor-Leste
M65hJx2WCnLN7g,xSCyPghBatj,example@gmail.com,**********,Belize
8Ay8mVr7g9nrjA,XKtR3fEhdag,example@gmail.com,**********,Western Sahara
GwwoP2GKb8gpZ,d3L4LvMLfWM,example@gmail.com,**********,Togo
8MDbI9hituyx,0vFXjcsbZWu,example@gmail.com,**********,Myanmar
ZLTEId3RNEP47,eqcVbFxTCaX,example@gmail.com,**********,Micronesia
vu761r1NYxIQ,opO15lOGBmS,example@gmail.com,**********,Angola
q5n1ytBP0yn,cuAortOye7e,example@gmail.com,**********,Gambia
vm5pSdaS5BFJTtMyLj7,AqTmie21DkE,example@gmail.com,**********,Georgia
GHFdaAiuHkjn,XuurzCAMr9k,example@gmail.com,**********,Congo
x09nA1uspD8r86F,mRiC2iAkrpO,example@gmail.com,**********,Malawi
lgqIPzkHOYa,CgA2Rgt7ybk,example@gmail.com,**********,Cameroon
gLFwDpFzyWMtWRT,bixTIecEtim,example@gmail.com,**********,Andorra
LpNXBGCPLALTWCq,cPjl92gkeM7,example@gmail.com,**********,Malaysia
BHrR3YWgkbga,EDMO4sFdJWT,example@gmail.com,**********,Sudan
nBp9WH3uHWAPfb,wkYIbHONDtV,example@gmail.com,**********,Jordan
maebzUIhtt55La,cUtsmDIbK1E,example@gmail.com,**********,Australia
IzbRUTVCMY13KW,XZBGZBZav3B,example@gmail.com,**********,Myanmar
bvba5bXIq89V,7tE0gtkP31I,example@gmail.com,**********,India
QKJty3BAc1UdVjH,CEOjCVMGMCY,example@gmail.com,**********,Saudi Arabia
VNSW55TiFqyEu,KXXZ8NrWCBM,example@gmail.com,**********,Slovakia (Slovak Republic)
BnLkFpOHXnt,A40q1Co23L2,example@gmail.com,**********,Romania
emD6a1JqlcGJ,Ecxzu3V0LZI,example@gmail.com,**********,Gambia
6nRU9t7uNa1OYmB,iZMWCW9gbJf,example@gmail.com,**********,Azerbaijan
xF1goy6pDXOT9,QDFKsFDeX2q,example@gmail.com,**********,Gibraltar
hqrw3r9b05PuYdOll,3jrwXHSX5Vn,example@gmail.com,**********,Portugal
I8y557RoumqHuDw7,LEZaKtWSDus,example@gmail.com,**********,Suriname
0q91PMnUZBOCXeB,45XDQl7mLWP,example@gmail.com,**********,Jersey
xALgTdGPRh7R1,k0LIl9lFuuS,example@gmail.com,**********,British Indian Ocean Territory (Chagos Archipelago)
WtAu4u7eZWd6sdU7,P7twfRn9360,example@gmail.com,**********,Nicaragua
JBAuXQn3FXfMoL,W15D68YQmB7,example@gmail.com,**********,Croatia
cHQwrIK5gzVPwJMc,nF6HtT3Cguc,example@gmail.com,**********,American Samoa
kKTqUUu4NdL7Py,5fLUmHK4rQA,example@gmail.com,**********,Sri Lanka
HBqQ4pHF1zffT,rcRoTgcshqa,example@gmail.com,**********,Sri Lanka
ROAzbXkXKNpR3,RxGZZodY0Uf,example@gmail.com,**********,Eritrea
K7PHbpEY0B4RY8F,39UZdXWEoTF,example@gmail.com,**********,Heard Island and McDonald Islands
Buj6jhhK06E3JM,qbL4uKeYwUq,example@gmail.com,**********,Belize
Z9icIImruu,VmlqNp2xR3p,example@gmail.com,**********,North Macedonia
4wD4ywXCBygs,44Cfy5UvINZ,example@gmail.com,**********,Philippines
CWcEaIvOgbyem6,BgSCiOwcF6h,example@gmail.com,**********,Isle of Man
h38Y7Vca9Pwe,f06IpkggKhJ,example@gmail.com,**********,Russian Federation
fGRNZhscvSgfyBv,bspzNVeq8O7,example@gmail.com,**********,Cambodia
YcSXbrKDc7eQ,qJPgtxJTIKt,example@gmail.com,**********,Montserrat
EUl92dKJB2l5F2,pSHMEma2RCc,example@gmail.com,**********,Sierra Leone
vsOd1AnLiHj4k,5qbNWiwji10,example@gmail.com,**********,Tajikistan
eNvzPfaQWimT6,1LBylkJVK3c,example@gmail.com,**********,Senegal
rXrWHIQlnDsMxb,WZjDq1NwTNs,example@gmail.com,**********,Sweden
v1PEYtIHRYCqGO8,Y7igmKHnZln,example@gmail.com,**********,United Arab Emirates
HUGUetxVt0wAw,VsFsKIzDqGE,example@gmail.com,**********,Guinea
IRVa1GHfteoI,1DALtAQCQ6d,example@gmail.com,**********,Nepal
29sCky2pRlO,pqswoy9g6Lk,example@gmail.com,**********,Chile
PLqhWSces1N,ZvrY9IvrtHX,example@gmail.com,**********,Cayman Islands
eC2gaEOXGoie,zbqlmUSB1c7,example@gmail.com,**********,Peru
6zNwMrv4qxTs7weg5,HxoDWjHlgsH,example@gmail.com,**********,Lesotho
OixY3fFEkTP3,X1fFw9duoG2,example@gmail.com,**********,China
eMkzdVbvLZe9,b76iO24703u,example@gmail.com,**********,Falkland Islands (Malvinas)
e0XJh1ylOM3,QmRedo6hsaY,example@gmail.com,**********,Uganda
nS5Ro3ulTu21,gqHlBYDcB0o,example@gmail.com,**********,Swaziland
jTD0ojBsdJTF,TLaI5nch3oW,example@gmail.com,**********,Kenya
gH38BN51Nkob,6qSN3iPRa33,example@gmail.com,**********,Wallis and Futuna
w7p7EVif91m8u8,B5GHNEXe7yC,example@gmail.com,**********,Mali
ReAs0gqJoKCtseHw,FMtAEAKEvUO,example@gmail.com,**********,Niger
kXzYHsihWU,Wtpv6Q9BtoH,example@gmail.com,**********,Iraq
cVO3YmaAEZl4f,p395cwMqf2r,example@gmail.com,**********,Congo
R16J3tlmMJI6L,yYI4wb2ZJRC,example@gmail.com,**********,Angola
wKMrqPAeY7DTm,tntPA9XHkhk,example@gmail.com,**********,Niger
5LpC8noL5qQVl,KPGd37WgjFE,example@gmail.com,**********,Saint Martin
cgVAawfPfhL6,rnsenJVZZ5G,example@gmail.com,**********,Kenya
4Grk3wyw9y37zP,R2BKp7poHNq,example@gmail.com,**********,Spain
dzEjgdsBXmTI,qxHoFhU1g4z,example@gmail.com,**********,Botswana
CA8QRdHMzIMo,LraRvu6zz68,example@gmail.com,**********,Faroe Islands
lZWC6BlPKHZY60v2ZP,j17p4k747wi,example@gmail.com,**********,Cambodia
pDhKj7XN4YWZ2C,kpSmzDPpSRT,example@gmail.com,**********,Denmark
uitkPHn0phzIo1F1,gMO6bsMciZT,example@gmail.com,**********,Finland
iUkg6njmcqXV02,wSypAUXjOIE,example@gmail.com,**********,Bhutan
vh7n6OL3JPvoswKb,qLkBkKzK64U,example@gmail.com,**********,United States Virgin Islands
mF9xoVmxbbNiyh,liJeSmANbzm,example@gmail.com,**********,Saint Helena
N4uXFfT5Jo0Fi,jJBmEHNIEbM,example@gmail.com,**********,British Indian Ocean Territory (Chagos Archipelago)
pKQMN9b1RUrAD,EaQIWJMTuW6,example@gmail.com,**********,Reunion
PLNc0YQZrRnThHd,YO6N9dXXCxH,example@gmail.com,**********,Mongolia
D6tWqaj1dF,H6QM70qnicG,example@gmail.com,**********,Tokelau
yVVUm2OkrzNMxJ,VZrTPlPpx02,example@gmail.com,**********,Fiji
AKQGKU49Bf2,pQPEK0lVOsa,example@gmail.com,**********,Bahrain
0ppV9Mt8rkrr9,zW00K8aB7Ql,example@gmail.com,**********,Korea
KMDedftYPQhN,fQ0wZAEU8VV,example@gmail.com,**********,Venezuela
gioNqBXrhwl7m6x,Fl0XElv1cxe,example@gmail.com,**********,Central African Republic
lYYxBva06uH,P1As2IIN14K,example@gmail.com,**********,Lesotho
5pX7PI8GwL,FfavUnv6z9Y,example@gmail.com,**********,Cameroon
oGXSufToSZQoc,VnGiTAr5bH2,example@gmail.com,**********,Saint Vincent and the Grenadines
Dg4FOmHVfzFPmE,m6VU6NGDTYR,example@gmail.com,**********,Luxembourg
GOCfoTBEkhyt,Qj6hTfqEmoX,example@gmail.com,**********,Samoa
8UfCO6hEPXxOlo,erBfkxf8SBF,example@gmail.com,**********,Finland
NksBqBsHB,2I6GLSGrpxY,example@gmail.com,**********,Sierra Leone
2cF3ylFVdexpALWVuTz,Q4prQADCVXg,example@gmail.com,**********,French Southern Territories
xxlHbKKM0Ld4t,GF1BBBS9nG2,example@gmail.com,**********,United States of America
d90UUfM5io1agM,Qaj79PTtK99,example@gmail.com,**********,Iceland
cZcuvO1cBn52Vu1,zAdtVvlx78b,example@gmail.com,**********,Vanuatu
IvtLMDAdK0CF,B7odWVHLlJf,example@gmail.com,**********,San Marino
Mb3TisgqiuSIh,XbOgvhHG0rx,example@gmail.com,**********,Philippines
YSPLMwLmGohwd,0JztK7wf3xS,example@gmail.com,**********,Faroe Islands
78qS5ONqfZN,YlBsfsaiVAd,example@gmail.com,**********,Uruguay
rgRBa0K4bZMdp,gHgbMWipE7C,example@gmail.com,**********,Kenya
ysNaIH38X7Co3Tlqtj,xPkQxwdqLv4,example@gmail.com,**********,Belize
kZDeIjlm0Nail46,rW5egBOOvfG,example@gmail.com,**********,Armenia
mhlcz6M9rfsg2FqE,CoVy4S5RPzi,example@gmail.com,**********,Congo
hiStQ9nNGI6,6H16ah0U9Ts,example@gmail.com,**********,Saint Lucia
bP1ywzx7mlQ,RT0JFJHcaNm,example@gmail.com,**********,Malta
IAxUt4mDiljRPvQ,LTZm8d7AGbf,example@gmail.com,**********,United States Virgin Islands
McvGfExqglp66o,mBgwMtdNxtt,example@gmail.com,**********,Jersey
iuqCj01TtGRb,OxYBB5spE7S,example@gmail.com,**********,Gabon
nEu21eN74LKgpW,15Lbod0DyMg,example@gmail.com,**********,Northern Mariana Islands
7X4IOzxW9B,OGYQniZRLo3,example@gmail.com,**********,Syrian Arab Republic
yAP5cy9uHHF,rVZmJYn0t9d,example@gmail.com,**********,Jamaica
KXzvmfe9En,R02vFjBeuL3,example@gmail.com,**********,Antigua and Barbuda
GxNyyH2s5NVc,LFDOqA9F3r0,example@gmail.com,**********,Martinique
wdqpFCxwYq,Me3XzqokN4k,example@gmail.com,**********,Jordan
ckb0xK8XGTtALkPb,JLMFfAnZfy0,example@gmail.com,**********,Bahamas
JX2PlNc2BzrXX,BDZCtbrzqy7,example@gmail.com,**********,Finland
F9IABk1UFdg,K8CQbeZMiND,example@gmail.com,**********,Micronesia
EggA4ACSiD,iv5QyRj69Ri,example@gmail.com,**********,Jordan
3QmnF4sq4hVg,LkwgWvMbQrk,example@gmail.com,**********,Paraguay
hbtUSBbU5vJbf,N161BgWRULk,example@gmail.com,**********,Papua New Guinea
ADowB6gbeURV3N0fr2,Fp0AacfZUO0,example@gmail.com,**********,Costa Rica
LF1IqPfnef8A0Gn,RFcmUEuh8eG,example@gmail.com,**********,Portugal
4x4659Eho42trb2trqi,TToAHel6km4,example@gmail.com,**********,Germany
4yUbit9HLB9aH,JDdQBbrNAn6,example@gmail.com,**********,Tuvalu
T7sUApeqU5YevyPn,tIb2wsngPEu,example@gmail.com,**********,Angola
zzV9BFVSK6m,G5QCIPXSp9O,example@gmail.com,**********,New Zealand
DPVh38WYn6Xv,NUWqgoRquAi,example@gmail.com,**********,Belarus
IshHO9FA3i,RNRLDcN8CkP,example@gmail.com,**********,Malaysia
VjZuBZjADk3IG,xCxkFmDebSl,example@gmail.com,**********,Serbia
jqZZzoAHiWT,4UzajXityQG,example@gmail.com,**********,Greenland
uKlnulVybWl4Imh,XCz6GTrw6ai,example@gmail.com,**********,Croatia
yAmyuvgbTE,xKcG9A9vyLD,example@gmail.com,**********,Cape Verde
hnfmp4LK8q5w1IO8l,lnXsnf4k14e,example@gmail.com,**********,Algeria
EDl96ajTcA50tM,qzbn4Yl5Icc,example@gmail.com,**********,Bouvet Island (Bouvetoya)
br16bQQJ67aKqU,jAOqrDnpWoK,example@gmail.com,**********,Macao
KaikyIzERLwOmVXG,Z9Szsbg8S4E,example@gmail.com,**********,Belize
7dSDLAaCwJ,btXMNuGHMdE,example@gmail.com,**********,Micronesia
RnMCzOHRg8J,c05qssoZTBc,example@gmail.com,**********,Greece
Z9nBdZu7fL9Y1Omh,SIV131PDeGi,example@gmail.com,**********,British Indian Ocean Territory (Chagos Archipelago)
vjpFiR3e9,3mhSpS4TBb8,example@gmail.com,**********,Antigua and Barbuda
YVkNuk0tXXIHLnzr,TlrxsRQPMUH,example@gmail.com,**********,Somalia
l5p3jLMJTbMOsE7Iy,ZYmI224Q2cF,example@gmail.com,**********,Norfolk Island
F0jY20mRXNw,0LWPRkZGnRj,example@gmail.com,**********,Cameroon
r78QSxIY3cJ,WC4KpbsTJR2,example@gmail.com,**********,New Caledonia
uNSYtmt4ybQk7eLF,Cm3ea9pAplI,example@gmail.com,**********,Ghana
zOQV0dyUgemDdX6Rn,pZeMdYvYZy9,example@gmail.com,**********,Georgia
ncKurHqQ9ekYu,rLzR08F15uY,example@gmail.com,**********,Philippines
3z3xX3mlR6Gp4,sPyWwznHXvf,example@gmail.com,**********,Djibouti
ApFnWsyLdBISs,nfkHmNgXIt4,example@gmail.com,**********,Angola
V3Q6lvl8KErQ3wPH4x,WxB5qi5o8Ik,example@gmail.com,**********,Seychelles
CcZ3mxDFCoOy7C,UovuUW5B5JS,example@gmail.com,**********,Montenegro
ENPOj6KU126Shj1P,5JzT8HvPiWg,example@gmail.com,**********,Latvia
bJk1RLwhh2,3xZC8ipeidY,example@gmail.com,**********,Egypt
wf80xhXwcdOgCCcf,eLE7VNcXDTS,example@gmail.com,**********,Mayotte
trfVPR3yyvmH7,uY8cgewXUfQ,example@gmail.com,**********,Gabon
JjIxcJLDc340ut4y1,RG9PX25n8M6,example@gmail.com,**********,Micronesia
u9dmTbdJEhq,q0ALLXOY16D,example@gmail.com,**********,Azerbaijan
43OH0QzJtsDIR,TWjSjGRudBP,example@gmail.com,**********,Liberia
1WH9x2am62R,PUncvhbpxVo,example@gmail.com,**********,Spain
TNaJJsOqa8I,3Z0X2OWyGm0,example@gmail.com,**********,South Africa
thoIh3oqkSwFlkl,J1Moamx3jzZ,example@gmail.com,**********,Western Sahara
q4S3BBeNNDwFgSON,Za3NpCv7mZp,example@gmail.com,**********,Australia
rnNFQNgxtGFE4M,E9SRvxQCvW0,example@gmail.com,**********,Ireland
ZpsaTkqx7RMp59,5KT9DQbcJrO,example@gmail.com,**********,Saint Barthelemy
sXO8TbJrMJIcU,8n8NdTWjO64,example@gmail.com,**********,Mauritius
7wUxCkDndhej,gkBbG68602f,example@gmail.com,**********,Lesotho
fURwP0QrkUrlQ,Xm4wSr6hWnn,example@gmail.com,**********,Bolivia
o2YwDvQoJFB,RYKxJ9xzsek,example@gmail.com,**********,Bangladesh
aPGDS51Gqmalk,vgsIH7X7Uny,example@gmail.com,**********,Cameroon
ZZo04Os1Gicf,iTYmJfC0Ahm,example@gmail.com,**********,Turkey
V2otQLIHEwg4mUJnUA,f2uD4cGIJwq,example@gmail.com,**********,Barbados
YANwWczYdvm8gq,Em685VVsmWD,example@gmail.com,**********,Micronesia
cau2ajL2iHOD7ym8Z,uXOd2eYs5EG,example@gmail.com,**********,Korea
hamvgnGJKD3o14c,vXrK7DMuS9u,example@gmail.com,**********,Canada
o2IF7VBdoMSVy,DmGazEUZVk2,example@gmail.com,**********,Guatemala
i7QCOJhRc,7RZcH7Pkgc5,example@gmail.com,**********,Latvia
VjfZA1M7zMWK,DiB1Ae4vT6J,example@gmail.com,**********,Ghana
cJm9cktdCC09NUoAT,7i5BMjxp8lg,example@gmail.com,**********,Kyrgyz Republic
PU82kLiiH,oVgnM3YYSij,example@gmail.com,**********,Andorra
LxGvyZHEV8w,07nDv38hqWr,example@gmail.com,**********,Fiji
Dgxc0y9uOHWuWu,IFbYGnkhf1P,example@gmail.com,**********,Monaco
ccZxKF6ncIGQ,oErv1F7f11T,example@gmail.com,**********,Holy See (Vatican City State)
SvClDG3LUD,xokEhGnLN4z,example@gmail.com,**********,Djibouti
Sbp3K8r4gR0rqI,2n2gNRDwELZ,example@gmail.com,**********,Portugal
h2vGOGqrxoJe6,zhwp9iaV6dy,example@gmail.com,**********,Turkmenistan
ytCl6xdkDtssRjx,MuEw0vaZAh4,example@gmail.com,**********,Bangladesh
FGJnfwtdPLVPBcO,3QStlMmrgJA,example@gmail.com,**********,United States of America
YmCZWvVuKp,sh2gbOIOpER,example@gmail.com,**********,Croatia
awl5TAqlKbDzULw,0vSQgp7deGC,example@gmail.com,**********,Venezuela
9h2NB2eWcT,2SHLNMepaqs,example@gmail.com,**********,Serbia
BIMLFVgCeLL9,X8kE2QbNxPK,example@gmail.com,**********,Reunion
jJcpRcY5qc6uV,F7ljaqRhGkR,example@gmail.com,**********,Sweden
69bo5nuqxqFT,2WdALkB0szz,example@gmail.com,**********,American Samoa
DBlxDEm3kIeu1WBZ,DTS6Tc0qTWC,example@gmail.com,**********,Papua New Guinea
D1QzPt23lPsh,kbbdCPsFWYa,example@gmail.com,**********,Taiwan
zg81lJBqLqLVCbF,lLo3RQEUsif,example@gmail.com,**********,Sierra Leone
XLWt4kkd7LAW,PPTHJknQkW3,example@gmail.com,**********,Congo
2YzJx3MmsvxSIfI,ZCuL5FCGXdA,example@gmail.com,**********,Falkland Islands (Malvinas)
uQow0rmmf3,SQBqOWj6myA,example@gmail.com,**********,Turks and Caicos Islands
LSuWaNq86muJOCA,hqDXY4HoyXp,example@gmail.com,**********,Netherlands
ETh9NfRIuk10,tPptoS1Nkll,example@gmail.com,**********,Marshall Islands
KNj3s3IzuD7N,CjrWQ4xVvnk,example@gmail.com,**********,Canada
Fp8A3QVCwQYNY,nvWIJEk6zhK,example@gmail.com,**********,Bolivia
KpELfXfQDaOs,TlrlgGiIjza,example@gmail.com,**********,Kyrgyz Republic
rnYC2Ietuvu6,bysJ35pHDfM,example@gmail.com,**********,United States of America
o4VcJagbiprP,1OHLi3M5v1Y,example@gmail.com,**********,Philippines
3LG5OYy36QrJI,hXUvyhC9NXh,example@gmail.com,**********,South Georgia and the South Sandwich Islands
4en3vFMZYptd,aYi3Zk6SWRU,example@gmail.com,**********,Bangladesh
jR5u0WoA9o,M0yLfHcxh8W,example@gmail.com,**********,United States Minor Outlying Islands
Jno6VkFYhY,ILbivluasjK,example@gmail.com,**********,Syrian Arab Republic
VsefeS58rpMThQ,Aki0l8A6Vzl,example@gmail.com,**********,Botswana
IFoogxWKT8JOnEWq,QBLCFaSBgZI,example@gmail.com,**********,Korea
dMw6RJLS2U,yr7XpcBkmSR,example@gmail.com,**********,Guernsey
v4d1FYTxrGc7N,VUsgkggpapk,example@gmail.com,**********,China
eqb06qXrulmxmD,EYGZSDFMu9f,example@gmail.com,**********,Chile
ZvZyldIeCs,8Xuft1ckuCb,example@gmail.com,**********,Zambia
wagynje6W9kmnbjApMhL,sWUhL64bVIj,example@gmail.com,**********,Portugal
p6oSwD1JxbYI91OhX,uhNrpgUrwoE,example@gmail.com,**********,Belarus
poQtcCnCPYxfL,4CpSZ9hnWGq,example@gmail.com,**********,Kiribati
jPSeE6ihdLUf,aA9gcG9bOAM,example@gmail.com,**********,Niue
JbAFRZVIIS,LAMUSaZZGkt,example@gmail.com,**********,Bermuda
XAYCzzrfeunKi,n9M5xoGIL2J,example@gmail.com,**********,Niger
AyY2oQCvMVr,MY3owKuBb4Z,example@gmail.com,**********,French Southern Territories
FewGYG0ZzSas5,ldGB29OmuUJ,example@gmail.com,**********,Yemen
SEER0ifDO7,JFz8NJhTqsi,example@gmail.com,**********,New Caledonia
bwgmlIbjCqF4n,XTacEE1IP2j,example@gmail.com,**********,Sweden
dUx4vp5hbr,J2gU8BoEZmx,example@gmail.com,**********,China
4BOwub0PfQUQp,BwjHWDouCyh,example@gmail.com,**********,Guatemala
wbJNtPsASs,WblMyIP2RJP,example@gmail.com,**********,Falkland Islands (Malvinas)
3UVNRi3lw,Q6pTuxRRcFe,example@gmail.com,**********,Kyrgyz Republic
7CZVYgP3JNbRXh,d3KVNZJAp1a,example@gmail.com,**********,Turkmenistan
B3LZgRXdq84,aMrRsAz6j8E,example@gmail.com,**********,Dominican Republic
sJRKQ1EmzLbCo,G1LkkuvaSGB,example@gmail.com,**********,Peru
GJDYzZhnp1Dui2a,zxA8gPzJAgZ,example@gmail.com,**********,Sierra Leone
bRLCjWUZiNkG,y28Ki8cdHri,example@gmail.com,**********,Spain
tgnlHIihmn4BgaAK,wvpoAXlrIC5,example@gmail.com,**********,Morocco
